
=== gaze_session start 2026-05-08 21:18:04 user=3 camera=0 dshow_first=True ===
2026-05-08 21:18:04  [Gaze] Started session for user 3.
2026-05-08 21:18:04  [GazeCLI] Recording user 3 on camera 0.
2026-05-08 21:18:04  [GazeCLI] Debug log file: D:\Code\HCI PROJ UI\gaze_data/gaze_session.log
2026-05-08 21:18:07  [Gaze] Stopped session for user 3 (0 samples).
2026-05-08 21:18:07  [GazeCLI] Saved: {'sample_count': 0, 'heatmap_created': False, 'layout_created': False, 'user_dir': 'D:\\Code\\HCI PROJ UI\\gaze_data\\user_3'}
2026-05-08 21:18:07  === gaze_session end (0 samples) ===

=== gaze_session start 2026-05-08 21:24:54 user=1 camera=0 (Windows: CAP_DSHOW+1280x720, same as YOLO) ===
2026-05-08 21:24:54  [Gaze] Started session for user 1.
2026-05-08 21:24:54  [GazeCLI] Recording user 1 on camera 0.
2026-05-08 21:24:54  [GazeCLI] Debug log file: D:\Code\HCI PROJ UI\gaze_data/gaze_session.log
2026-05-08 21:25:57  [Gaze] Stopped session for user 1 (0 samples).
2026-05-08 21:25:57  [GazeCLI] Saved: {'sample_count': 0, 'heatmap_created': False, 'layout_created': False, 'user_dir': 'D:\\Code\\HCI PROJ UI\\gaze_data\\user_1'}
2026-05-08 21:25:57  === gaze_session end (0 samples) ===

=== gaze_session start 2026-05-08 21:39:36 user=1 camera=0 (Windows: CAP_DSHOW+1280x720, same as YOLO) ===
2026-05-08 21:39:36  [Gaze] Started session for user 1.
2026-05-08 21:39:36  [GazeCLI] Recording user 1 on camera 0.
2026-05-08 21:39:36  [GazeCLI] Debug log file: D:\Code\HCI PROJ UI\gaze_data/gaze_session.log
2026-05-08 21:39:51  [Gaze] Stopped session for user 1 (0 samples).
2026-05-08 21:39:51  [GazeCLI] Saved: {'sample_count': 0, 'heatmap_created': False, 'layout_created': False, 'user_dir': 'D:\\Code\\HCI PROJ UI\\gaze_data\\user_1'}
2026-05-08 21:39:51  === gaze_session end (0 samples) ===

=== gaze_session start 2026-05-08 21:39:56 user=1 camera=0 (Windows: CAP_DSHOW+1280x720, same as YOLO) ===
2026-05-08 21:39:56  [Gaze] Started session for user 1.
2026-05-08 21:39:56  [GazeCLI] Recording user 1 on camera 0.
2026-05-08 21:39:56  [GazeCLI] Debug log file: D:\Code\HCI PROJ UI\gaze_data/gaze_session.log
2026-05-08 21:40:26  [Gaze] Stopped session for user 1 (0 samples).
2026-05-08 21:40:26  [GazeCLI] Saved: {'sample_count': 0, 'heatmap_created': False, 'layout_created': False, 'user_dir': 'D:\\Code\\HCI PROJ UI\\gaze_data\\user_1'}
2026-05-08 21:40:26  === gaze_session end (0 samples) ===

=== gaze_session start 2026-05-08 21:43:16 user=1 camera=0 (Windows: DSHOW/MSMF order per gaze_opencv_dshow_first; native res unless gaze_capture_* set) ===
2026-05-08 21:43:16  [Gaze] Started session for user 1.
2026-05-08 21:43:16  [GazeCLI] Recording user 1 on camera 0.
2026-05-08 21:43:16  [GazeCLI] Debug log file: D:\Code\HCI PROJ UI\gaze_data/gaze_session.log
2026-05-08 21:43:36  [Gaze] Opened camera index 0 (CAP_DSHOW) at 640×480, frames OK.
2026-05-08 21:43:36  GAZE_STATUS CAMERA_OK
2026-05-08 21:43:36  [Gaze] Stopped session for user 1 (0 samples).
2026-05-08 21:43:36  [GazeCLI] Saved: {'sample_count': 0, 'heatmap_created': False, 'layout_created': False, 'user_dir': 'D:\\Code\\HCI PROJ UI\\gaze_data\\user_1'}
2026-05-08 21:43:36  === gaze_session end (0 samples) ===

=== gaze_session start 2026-05-08 21:56:15 user=3 camera=0 (Windows: DSHOW/MSMF order per gaze_opencv_dshow_first; native res unless gaze_capture_* set) ===
2026-05-08 21:56:15  [Gaze] Started session for user 3.
2026-05-08 21:56:15  [GazeCLI] Recording user 3 on camera 0.
2026-05-08 21:56:15  [GazeCLI] Debug log file: D:\Code\HCI PROJ UI\gaze_data/gaze_session.log
2026-05-08 21:57:19  [Gaze] Opened camera index 0 (CAP_DSHOW) at 640×480, frames OK.
2026-05-08 21:57:19  GAZE_STATUS CAMERA_OK
2026-05-08 21:57:19  [Gaze] Stopped session for user 3 (0 samples).
2026-05-08 21:57:19  [GazeCLI] Saved: {'sample_count': 0, 'heatmap_created': False, 'layout_created': False, 'user_dir': 'D:\\Code\\HCI PROJ UI\\gaze_data\\user_3'}
2026-05-08 21:57:19  === gaze_session end (0 samples) ===

=== gaze_session start 2026-05-08 21:59:21 user=3 camera=0 (Windows: DSHOW/MSMF order per gaze_opencv_dshow_first; native res unless gaze_capture_* set) ===
2026-05-08 21:59:21  [Gaze] Started session for user 3.
2026-05-08 21:59:21  [GazeCLI] Recording user 3 on camera 0.
2026-05-08 21:59:21  [GazeCLI] Debug log file: D:\Code\HCI PROJ UI\gaze_data/gaze_session.log
2026-05-08 21:59:44  [Gaze] Opened camera index 0 (CAP_DSHOW) at 640×480, frames OK.
2026-05-08 21:59:44  GAZE_STATUS CAMERA_OK
2026-05-08 21:59:44  [Gaze] Live OpenCV preview window on — compare with main GUI.
2026-05-08 21:59:44  [Gaze] Stopped session for user 3 (0 samples).
2026-05-08 21:59:44  [GazeCLI] Saved: {'sample_count': 0, 'heatmap_created': False, 'layout_created': False, 'user_dir': 'D:\\Code\\HCI PROJ UI\\gaze_data\\user_3'}
2026-05-08 21:59:44  === gaze_session end (0 samples) ===

=== gaze_session start 2026-05-08 22:01:40 user=1 camera=0 (Windows: DSHOW/MSMF order per gaze_opencv_dshow_first; native res unless gaze_capture_* set) ===
2026-05-08 22:01:40  [GazeCLI] Recording user 1 on camera 0.
2026-05-08 22:01:40  [GazeCLI] Debug log file: D:\Code\HCI PROJ UI\gaze_data/gaze_session.log
2026-05-08 22:01:40  [Gaze] Started session for user 1.
2026-05-08 22:02:03  [Gaze] Opened camera index 0 (CAP_DSHOW) at 640×480, frames OK.
2026-05-08 22:02:03  GAZE_STATUS CAMERA_OK
2026-05-08 22:02:03  [Gaze] Live OpenCV preview window on — compare with main GUI.
2026-05-08 22:02:03  [Gaze] Stopped session for user 1 (0 samples).
2026-05-08 22:02:03  [GazeCLI] Saved: {'sample_count': 0, 'heatmap_created': False, 'layout_created': False, 'user_dir': 'D:\\Code\\HCI PROJ UI\\gaze_data\\user_1'}
2026-05-08 22:02:03  === gaze_session end (0 samples) ===

=== gaze_session start 2026-05-08 22:05:30 user=0 camera=0 (Windows: DSHOW/MSMF order per gaze_opencv_dshow_first; native res unless gaze_capture_* set) ===
2026-05-08 22:05:30  [GazeCLI] Recording user 0 on camera 0.
2026-05-08 22:05:30  [GazeCLI] Debug log file: D:\Code\HCI PROJ UI\gaze_data/gaze_session.log
2026-05-08 22:05:30  [Gaze] Started session for user 0.
2026-05-08 22:06:07  [Gaze] Opened camera index 0 (CAP_DSHOW) at 640×480, frames OK.
2026-05-08 22:06:07  GAZE_STATUS CAMERA_OK
2026-05-08 22:06:07  [Gaze] External OpenCV preview running (separate process from sidecar/GUI).
2026-05-08 22:06:07  [Gaze] Stopped session for user 0 (0 samples).
2026-05-08 22:06:07  [GazeCLI] Saved: {'sample_count': 0, 'heatmap_created': False, 'layout_created': False, 'user_dir': 'D:\\Code\\HCI PROJ UI\\gaze_data\\user_0'}
2026-05-08 22:06:07  === gaze_session end (0 samples) ===

=== gaze_session start 2026-05-08 22:11:27 user=0 camera=0 (Windows: DSHOW/MSMF order per gaze_opencv_dshow_first; native res unless gaze_capture_* set) ===
2026-05-08 22:11:27  [GazeCLI] Recording user 0 on camera 0.
2026-05-08 22:11:27  [GazeCLI] Debug log file: D:\Code\HCI PROJ UI\gaze_data/gaze_session.log
2026-05-08 22:11:27  [Gaze] Started session for user 0.
2026-05-08 22:12:14  [Gaze] Opened camera index 0 (CAP_DSHOW) at 640×480, frames OK.
2026-05-08 22:12:14  GAZE_STATUS CAMERA_OK
2026-05-08 22:12:14  [Gaze] External OpenCV preview running (separate process from sidecar/GUI).
2026-05-08 22:12:15  [Gaze] Stopped session for user 0 (0 samples).
2026-05-08 22:12:15  [GazeCLI] Saved: {'sample_count': 0, 'heatmap_created': False, 'layout_created': False, 'user_dir': 'D:\\Code\\HCI PROJ UI\\gaze_data\\user_0'}
2026-05-08 22:12:15  === gaze_session end (0 samples) ===

=== gaze_session start 2026-05-08 22:15:20 user=0 camera=0 (Windows: DSHOW/MSMF order per gaze_opencv_dshow_first; native res unless gaze_capture_* set) ===
2026-05-08 22:15:20  [GazeCLI] Recording user 0 on camera 0.
2026-05-08 22:15:20  [GazeCLI] Debug log file: D:\Code\HCI PROJ UI\gaze_data/gaze_session.log
2026-05-08 22:15:20  [Gaze] Started session for user 0.
2026-05-08 22:15:47  [Gaze] Opened camera index 0 (CAP_DSHOW) at 640×480, frames OK.
2026-05-08 22:15:47  GAZE_STATUS CAMERA_OK
2026-05-08 22:15:47  [Gaze] External OpenCV preview running (separate process from sidecar/GUI).
2026-05-08 22:15:48  [Gaze] Stopped session for user 0 (0 samples).
2026-05-08 22:15:48  [GazeCLI] Saved: {'sample_count': 0, 'heatmap_created': False, 'layout_created': False, 'user_dir': 'D:\\Code\\HCI PROJ UI\\gaze_data\\user_0'}
2026-05-08 22:15:48  === gaze_session end (0 samples) ===

=== gaze_session start 2026-05-08 22:19:14 user=0 camera=0 (Windows: DSHOW/MSMF order per gaze_opencv_dshow_first; native res unless gaze_capture_* set) ===
2026-05-08 22:19:14  [GazeCLI] Recording user 0 on camera 0.
2026-05-08 22:19:14  [GazeCLI] Debug log file: d:\Code\HCI PROJ UI\gaze_data/gaze_session.log
2026-05-08 22:19:14  [Gaze] Started session for user 0.
2026-05-08 22:19:16  [Gaze] Opened camera index 0 (CAP_DSHOW) at 640×480, frames OK.
2026-05-08 22:19:16  GAZE_STATUS CAMERA_OK
2026-05-08 22:19:16  [Gaze] External OpenCV preview running (separate process from sidecar/GUI).
2026-05-08 22:19:16  GAZE_STATUS PUPILS
2026-05-08 22:19:16  GAZE_STATUS SAMPLES 1
2026-05-08 22:19:17  GAZE_STATUS PUPILS
2026-05-08 22:19:17  GAZE_STATUS SAMPLES 5
2026-05-08 22:19:17  GAZE_STATUS PUPILS
2026-05-08 22:19:18  GAZE_STATUS PUPILS
2026-05-08 22:19:18  GAZE_STATUS SAMPLES 10
2026-05-08 22:19:18  GAZE_STATUS PUPILS
2026-05-08 22:19:18  GAZE_STATUS SAMPLES 15
2026-05-08 22:19:19  GAZE_STATUS PUPILS
2026-05-08 22:19:19  GAZE_STATUS PUPILS
2026-05-08 22:19:19  GAZE_STATUS SAMPLES 20
2026-05-08 22:19:19  GAZE_STATUS PUPILS
2026-05-08 22:19:20  GAZE_STATUS PUPILS
2026-05-08 22:19:20  GAZE_STATUS SAMPLES 25
2026-05-08 22:19:20  GAZE_STATUS PUPILS
2026-05-08 22:19:21  GAZE_STATUS SAMPLES 30
2026-05-08 22:19:21  GAZE_STATUS PUPILS
2026-05-08 22:19:21  GAZE_STATUS PUPILS
2026-05-08 22:19:21  GAZE_STATUS SAMPLES 35
2026-05-08 22:19:21  GAZE_STATUS PUPILS
2026-05-08 22:19:22  GAZE_STATUS PUPILS
2026-05-08 22:19:22  GAZE_STATUS SAMPLES 40
2026-05-08 22:19:22  GAZE_STATUS PUPILS
2026-05-08 22:19:23  GAZE_STATUS SAMPLES 45
2026-05-08 22:19:23  GAZE_STATUS PUPILS
2026-05-08 22:19:23  GAZE_STATUS PUPILS
2026-05-08 22:19:23  GAZE_STATUS SAMPLES 50
2026-05-08 22:19:24  GAZE_STATUS PUPILS
2026-05-08 22:19:24  GAZE_STATUS PUPILS
2026-05-08 22:19:24  GAZE_STATUS SAMPLES 55
2026-05-08 22:19:25  GAZE_STATUS PUPILS
2026-05-08 22:19:26  GAZE_STATUS PUPILS
2026-05-08 22:19:26  GAZE_STATUS SAMPLES 60
2026-05-08 22:19:26  GAZE_STATUS PUPILS
2026-05-08 22:19:27  GAZE_STATUS PUPILS
2026-05-08 22:19:27  GAZE_STATUS SAMPLES 65
2026-05-08 22:19:27  GAZE_STATUS PUPILS
2026-05-08 22:19:28  GAZE_STATUS SAMPLES 70
2026-05-08 22:19:28  GAZE_STATUS PUPILS
2026-05-08 22:19:28  GAZE_STATUS PUPILS
2026-05-08 22:19:28  GAZE_STATUS SAMPLES 75
2026-05-08 22:19:29  GAZE_STATUS PUPILS
2026-05-08 22:19:29  GAZE_STATUS PUPILS
2026-05-08 22:19:29  GAZE_STATUS SAMPLES 80
2026-05-08 22:19:29  GAZE_STATUS PUPILS
2026-05-08 22:19:30  GAZE_STATUS PUPILS
2026-05-08 22:19:30  GAZE_STATUS SAMPLES 85
2026-05-08 22:19:30  GAZE_STATUS PUPILS
2026-05-08 22:19:31  GAZE_STATUS PUPILS
2026-05-08 22:19:31  GAZE_STATUS SAMPLES 90
2026-05-08 22:19:31  GAZE_STATUS PUPILS
2026-05-08 22:19:31  GAZE_STATUS PUPILS
2026-05-08 22:19:32  GAZE_STATUS SAMPLES 95
2026-05-08 22:19:32  GAZE_STATUS PUPILS
2026-05-08 22:19:32  GAZE_STATUS PUPILS
2026-05-08 22:19:32  GAZE_STATUS SAMPLES 100
2026-05-08 22:19:33  GAZE_STATUS PUPILS
2026-05-08 22:19:33  GAZE_STATUS SAMPLES 105
2026-05-08 22:19:33  GAZE_STATUS PUPILS
2026-05-08 22:19:33  GAZE_STATUS PUPILS
2026-05-08 22:19:34  GAZE_STATUS SAMPLES 110
2026-05-08 22:19:34  GAZE_STATUS PUPILS
2026-05-08 22:19:34  GAZE_STATUS PUPILS
2026-05-08 22:19:34  GAZE_STATUS SAMPLES 115
2026-05-08 22:19:35  GAZE_STATUS PUPILS
2026-05-08 22:19:35  GAZE_STATUS PUPILS
2026-05-08 22:19:35  GAZE_STATUS SAMPLES 120
2026-05-08 22:19:35  GAZE_STATUS PUPILS
2026-05-08 22:19:36  GAZE_STATUS SAMPLES 125
2026-05-08 22:19:36  GAZE_STATUS PUPILS
2026-05-08 22:19:36  GAZE_STATUS PUPILS
2026-05-08 22:19:36  GAZE_STATUS SAMPLES 130
2026-05-08 22:19:37  GAZE_STATUS PUPILS
2026-05-08 22:19:38  GAZE_STATUS PUPILS
2026-05-08 22:19:39  GAZE_STATUS PUPILS
2026-05-08 22:19:39  GAZE_STATUS SAMPLES 135
2026-05-08 22:19:42  [Gaze] Stopped session for user 0 (136 samples).
2026-05-08 22:19:44  [GazeCLI] Saved: {'sample_count': 136, 'heatmap_created': True, 'layout_created': True, 'user_dir': 'd:\\Code\\HCI PROJ UI\\gaze_data\\user_0'}
2026-05-08 22:19:44  === gaze_session end (136 samples) ===

=== gaze_session start 2026-05-08 22:19:47 user=0 camera=0 (Windows: DSHOW/MSMF order per gaze_opencv_dshow_first; native res unless gaze_capture_* set) ===
2026-05-08 22:19:47  [GazeCLI] Recording user 0 on camera 0.
2026-05-08 22:19:47  [GazeCLI] Debug log file: d:\Code\HCI PROJ UI\gaze_data/gaze_session.log
2026-05-08 22:19:47  [Gaze] Started session for user 0.
2026-05-08 22:19:49  [Gaze] Opened camera index 0 (CAP_DSHOW) at 640×480, frames OK.
2026-05-08 22:19:49  GAZE_STATUS CAMERA_OK
2026-05-08 22:19:49  [Gaze] External OpenCV preview running (separate process from sidecar/GUI).
2026-05-08 22:19:49  GAZE_STATUS PUPILS
2026-05-08 22:19:49  GAZE_STATUS SAMPLES 1
2026-05-08 22:19:50  GAZE_STATUS PUPILS
2026-05-08 22:19:50  GAZE_STATUS PUPILS
2026-05-08 22:19:50  GAZE_STATUS SAMPLES 5
2026-05-08 22:19:51  GAZE_STATUS PUPILS
2026-05-08 22:19:51  GAZE_STATUS PUPILS
2026-05-08 22:19:51  GAZE_STATUS PUPILS
2026-05-08 22:19:51  GAZE_STATUS SAMPLES 10
2026-05-08 22:19:52  GAZE_STATUS PUPILS
2026-05-08 22:19:53  GAZE_STATUS PUPILS
2026-05-08 22:19:53  GAZE_STATUS SAMPLES 15
2026-05-08 22:19:53  GAZE_STATUS PUPILS
2026-05-08 22:19:54  GAZE_STATUS PUPILS
2026-05-08 22:19:55  GAZE_STATUS PUPILS
2026-05-08 22:19:55  GAZE_STATUS SAMPLES 20
2026-05-08 22:19:56  GAZE_STATUS PUPILS
2026-05-08 22:19:56  GAZE_STATUS SAMPLES 25
2026-05-08 22:19:56  GAZE_STATUS PUPILS
2026-05-08 22:19:57  GAZE_STATUS PUPILS
2026-05-08 22:19:57  [Gaze] Stopped session for user 0 (29 samples).
2026-05-08 22:19:59  [GazeCLI] Saved: {'sample_count': 29, 'heatmap_created': True, 'layout_created': False, 'user_dir': 'd:\\Code\\HCI PROJ UI\\gaze_data\\user_0'}
2026-05-08 22:19:59  === gaze_session end (29 samples) ===

=== gaze_session start 2026-05-08 22:24:08 user=1 camera=0 (Windows: DSHOW/MSMF order per gaze_opencv_dshow_first; native res unless gaze_capture_* set) ===
2026-05-08 22:24:08  [GazeCLI] Recording user 1 on camera 0.
2026-05-08 22:24:08  [GazeCLI] Debug log file: D:\Code\HCI PROJ UI\gaze_data/gaze_session.log
2026-05-08 22:24:08  [Gaze] Started session for user 1.
2026-05-08 22:24:10  [Gaze] Opened camera index 0 (CAP_DSHOW) at 640×480, frames OK.
2026-05-08 22:24:10  GAZE_STATUS CAMERA_OK
2026-05-08 22:24:10  [Gaze] External OpenCV preview running (separate process from sidecar/GUI).
2026-05-08 22:24:10  [Gaze] gaze_mirror_horizontal on — frames flipped before tracking to match screen left/right.
2026-05-08 22:24:10  GAZE_STATUS PUPILS
2026-05-08 22:24:10  GAZE_STATUS SAMPLES 1
2026-05-08 22:24:11  GAZE_STATUS PUPILS
2026-05-08 22:24:11  GAZE_STATUS PUPILS
2026-05-08 22:24:11  GAZE_STATUS SAMPLES 5
2026-05-08 22:24:12  GAZE_STATUS PUPILS
2026-05-08 22:24:12  GAZE_STATUS PUPILS
2026-05-08 22:24:12  GAZE_STATUS SAMPLES 10
2026-05-08 22:24:13  GAZE_STATUS PUPILS
2026-05-08 22:24:13  GAZE_STATUS PUPILS
2026-05-08 22:24:13  GAZE_STATUS SAMPLES 15
2026-05-08 22:24:13  GAZE_STATUS PUPILS
2026-05-08 22:24:14  GAZE_STATUS PUPILS
2026-05-08 22:24:14  GAZE_STATUS PUPILS
2026-05-08 22:24:15  GAZE_STATUS PUPILS
2026-05-08 22:24:15  GAZE_STATUS SAMPLES 20
2026-05-08 22:24:16  GAZE_STATUS PUPILS
2026-05-08 22:24:16  GAZE_STATUS PUPILS
2026-05-08 22:24:17  GAZE_STATUS SAMPLES 25
2026-05-08 22:24:17  GAZE_STATUS PUPILS
2026-05-08 22:24:19  GAZE_STATUS PUPILS
2026-05-08 22:24:19  GAZE_STATUS SAMPLES 30
2026-05-08 22:24:19  GAZE_STATUS PUPILS
2026-05-08 22:24:20  GAZE_STATUS PUPILS
2026-05-08 22:24:20  GAZE_STATUS PUPILS
2026-05-08 22:24:20  GAZE_STATUS SAMPLES 35
2026-05-08 22:24:21  GAZE_STATUS PUPILS
2026-05-08 22:24:21  GAZE_STATUS PUPILS
2026-05-08 22:24:22  GAZE_STATUS PUPILS
2026-05-08 22:24:22  GAZE_STATUS SAMPLES 40
2026-05-08 22:24:23  GAZE_STATUS PUPILS
2026-05-08 22:24:25  GAZE_STATUS PUPILS
2026-05-08 22:24:26  GAZE_STATUS PUPILS
2026-05-08 22:24:26  GAZE_STATUS SAMPLES 45
2026-05-08 22:24:26  GAZE_STATUS PUPILS
2026-05-08 22:24:27  GAZE_STATUS SAMPLES 50
2026-05-08 22:24:27  GAZE_STATUS PUPILS
2026-05-08 22:24:27  GAZE_STATUS PUPILS
2026-05-08 22:24:27  GAZE_STATUS SAMPLES 55
2026-05-08 22:24:27  GAZE_STATUS PUPILS
2026-05-08 22:24:28  GAZE_STATUS PUPILS
2026-05-08 22:24:28  GAZE_STATUS SAMPLES 60
2026-05-08 22:24:28  GAZE_STATUS PUPILS
2026-05-08 22:24:29  GAZE_STATUS SAMPLES 65
2026-05-08 22:24:29  GAZE_STATUS PUPILS
2026-05-08 22:24:29  GAZE_STATUS PUPILS
2026-05-08 22:24:29  GAZE_STATUS SAMPLES 70
2026-05-08 22:24:30  GAZE_STATUS PUPILS
2026-05-08 22:24:30  GAZE_STATUS PUPILS
2026-05-08 22:24:30  GAZE_STATUS SAMPLES 75
2026-05-08 22:24:31  GAZE_STATUS PUPILS
2026-05-08 22:24:31  GAZE_STATUS PUPILS
2026-05-08 22:24:31  GAZE_STATUS SAMPLES 80
2026-05-08 22:24:32  GAZE_STATUS PUPILS
2026-05-08 22:24:33  GAZE_STATUS PUPILS
2026-05-08 22:24:33  GAZE_STATUS PUPILS
2026-05-08 22:24:33  GAZE_STATUS SAMPLES 85
2026-05-08 22:24:34  GAZE_STATUS PUPILS
2026-05-08 22:24:35  GAZE_STATUS PUPILS
2026-05-08 22:24:36  GAZE_STATUS PUPILS
2026-05-08 22:24:36  GAZE_STATUS SAMPLES 90
2026-05-08 22:24:36  GAZE_STATUS PUPILS
2026-05-08 22:24:37  GAZE_STATUS PUPILS
2026-05-08 22:24:37  GAZE_STATUS PUPILS
2026-05-08 22:24:38  GAZE_STATUS PUPILS
2026-05-08 22:24:38  GAZE_STATUS SAMPLES 95
2026-05-08 22:24:39  GAZE_STATUS PUPILS
2026-05-08 22:24:40  GAZE_STATUS PUPILS
2026-05-08 22:24:40  GAZE_STATUS SAMPLES 100
2026-05-08 22:24:40  GAZE_STATUS PUPILS
2026-05-08 22:24:40  [Gaze] Stopped session for user 1 (102 samples).
2026-05-08 22:24:42  [GazeCLI] Saved: {'sample_count': 102, 'heatmap_created': True, 'layout_created': True, 'user_dir': 'D:\\Code\\HCI PROJ UI\\gaze_data\\user_1'}
2026-05-08 22:24:42  === gaze_session end (102 samples) ===

=== gaze_session start 2026-05-08 22:24:45 user=1 camera=0 (Windows: DSHOW/MSMF order per gaze_opencv_dshow_first; native res unless gaze_capture_* set) ===
2026-05-08 22:24:45  [GazeCLI] Recording user 1 on camera 0.
2026-05-08 22:24:45  [GazeCLI] Debug log file: D:\Code\HCI PROJ UI\gaze_data/gaze_session.log
2026-05-08 22:24:45  [Gaze] Started session for user 1.
2026-05-08 22:24:47  [Gaze] Opened camera index 0 (CAP_DSHOW) at 640×480, frames OK.
2026-05-08 22:24:47  GAZE_STATUS CAMERA_OK
2026-05-08 22:24:47  [Gaze] External OpenCV preview running (separate process from sidecar/GUI).
2026-05-08 22:24:47  [Gaze] gaze_mirror_horizontal on — frames flipped before tracking to match screen left/right.
2026-05-08 22:24:47  GAZE_STATUS PUPILS
2026-05-08 22:24:47  GAZE_STATUS SAMPLES 1
2026-05-08 22:24:48  GAZE_STATUS PUPILS
2026-05-08 22:24:48  GAZE_STATUS SAMPLES 5
2026-05-08 22:24:48  GAZE_STATUS PUPILS
2026-05-08 22:24:49  GAZE_STATUS PUPILS
2026-05-08 22:24:49  GAZE_STATUS SAMPLES 10
2026-05-08 22:24:49  GAZE_STATUS PUPILS
2026-05-08 22:24:49  GAZE_STATUS SAMPLES 15
2026-05-08 22:24:50  GAZE_STATUS PUPILS
2026-05-08 22:24:50  GAZE_STATUS PUPILS
2026-05-08 22:24:50  GAZE_STATUS SAMPLES 20
2026-05-08 22:24:50  GAZE_STATUS PUPILS
2026-05-08 22:24:51  GAZE_STATUS PUPILS
2026-05-08 22:24:51  GAZE_STATUS SAMPLES 25
2026-05-08 22:24:51  GAZE_STATUS PUPILS
2026-05-08 22:24:52  GAZE_STATUS SAMPLES 30
2026-05-08 22:24:52  GAZE_STATUS PUPILS
2026-05-08 22:24:52  GAZE_STATUS PUPILS
2026-05-08 22:24:52  GAZE_STATUS SAMPLES 35
2026-05-08 22:24:53  GAZE_STATUS PUPILS
2026-05-08 22:24:53  GAZE_STATUS PUPILS
2026-05-08 22:24:53  GAZE_STATUS SAMPLES 40
2026-05-08 22:24:53  GAZE_STATUS PUPILS
2026-05-08 22:24:54  GAZE_STATUS PUPILS
2026-05-08 22:24:54  GAZE_STATUS SAMPLES 45
2026-05-08 22:24:54  GAZE_STATUS PUPILS
2026-05-08 22:24:54  GAZE_STATUS SAMPLES 50
2026-05-08 22:24:55  GAZE_STATUS PUPILS
2026-05-08 22:24:55  GAZE_STATUS PUPILS
2026-05-08 22:24:55  GAZE_STATUS SAMPLES 55
2026-05-08 22:24:55  GAZE_STATUS PUPILS
2026-05-08 22:24:56  GAZE_STATUS PUPILS
2026-05-08 22:24:56  GAZE_STATUS SAMPLES 60
2026-05-08 22:24:56  GAZE_STATUS PUPILS
2026-05-08 22:24:57  GAZE_STATUS SAMPLES 65
2026-05-08 22:24:57  GAZE_STATUS PUPILS
2026-05-08 22:24:57  GAZE_STATUS PUPILS
2026-05-08 22:24:57  GAZE_STATUS SAMPLES 70
2026-05-08 22:24:58  GAZE_STATUS PUPILS
2026-05-08 22:24:58  GAZE_STATUS PUPILS
2026-05-08 22:24:58  GAZE_STATUS SAMPLES 75
2026-05-08 22:24:59  GAZE_STATUS PUPILS
2026-05-08 22:24:59  GAZE_STATUS SAMPLES 80
2026-05-08 22:24:59  GAZE_STATUS PUPILS
2026-05-08 22:24:59  GAZE_STATUS PUPILS
2026-05-08 22:25:00  [Gaze] Stopped session for user 1 (84 samples).
2026-05-08 22:25:02  [GazeCLI] Saved: {'sample_count': 84, 'heatmap_created': True, 'layout_created': True, 'user_dir': 'D:\\Code\\HCI PROJ UI\\gaze_data\\user_1'}
2026-05-08 22:25:02  === gaze_session end (84 samples) ===

=== gaze_session start 2026-05-08 22:25:05 user=1 camera=0 (Windows: DSHOW/MSMF order per gaze_opencv_dshow_first; native res unless gaze_capture_* set) ===
2026-05-08 22:25:05  [GazeCLI] Recording user 1 on camera 0.
2026-05-08 22:25:05  [GazeCLI] Debug log file: D:\Code\HCI PROJ UI\gaze_data/gaze_session.log
2026-05-08 22:25:05  [Gaze] Started session for user 1.
2026-05-08 22:25:07  [Gaze] Opened camera index 0 (CAP_DSHOW) at 640×480, frames OK.
2026-05-08 22:25:07  GAZE_STATUS CAMERA_OK
2026-05-08 22:25:07  [Gaze] External OpenCV preview running (separate process from sidecar/GUI).
2026-05-08 22:25:07  [Gaze] gaze_mirror_horizontal on — frames flipped before tracking to match screen left/right.
2026-05-08 22:25:07  GAZE_STATUS PUPILS
2026-05-08 22:25:07  GAZE_STATUS SAMPLES 1
2026-05-08 22:25:07  GAZE_STATUS PUPILS
2026-05-08 22:25:07  GAZE_STATUS SAMPLES 5
2026-05-08 22:25:08  GAZE_STATUS PUPILS
2026-05-08 22:25:08  GAZE_STATUS PUPILS
2026-05-08 22:25:08  GAZE_STATUS SAMPLES 10
2026-05-08 22:25:09  GAZE_STATUS PUPILS
2026-05-08 22:25:09  GAZE_STATUS SAMPLES 15
2026-05-08 22:25:09  GAZE_STATUS PUPILS
2026-05-08 22:25:09  GAZE_STATUS PUPILS
2026-05-08 22:25:10  GAZE_STATUS SAMPLES 20
2026-05-08 22:25:10  GAZE_STATUS PUPILS
2026-05-08 22:25:12  GAZE_STATUS PUPILS
2026-05-08 22:25:13  GAZE_STATUS PUPILS
2026-05-08 22:25:13  GAZE_STATUS SAMPLES 25
2026-05-08 22:25:15  [Gaze] Stopped session for user 1 (25 samples).
2026-05-08 22:25:16  [GazeCLI] Saved: {'sample_count': 25, 'heatmap_created': True, 'layout_created': False, 'user_dir': 'D:\\Code\\HCI PROJ UI\\gaze_data\\user_1'}
2026-05-08 22:25:16  === gaze_session end (25 samples) ===

=== gaze_session start 2026-05-09 21:00:04 user=3 camera=0 (Windows: DSHOW/MSMF order per gaze_opencv_dshow_first; native res unless gaze_capture_* set) ===
2026-05-09 21:00:04  [GazeCLI] Recording user 3 on camera 0.
2026-05-09 21:00:04  [GazeCLI] Debug log file: C:\Users\PC\Desktop\fruit\Gesture-Powered-Virtual-Game-Control\gaze_data/gaze_session.log
2026-05-09 21:00:04  [Gaze] Started session for user 3.
2026-05-09 21:00:04  GAZE_STATUS FAIL capture
2026-05-09 21:00:04  [Gaze] Capture stopped after error: No module named 'gaze_tracking'
2026-05-09 21:00:04  [Gaze] Stopped session for user 3 (0 samples).
2026-05-09 21:00:04  [GazeCLI] Saved: {'sample_count': 0, 'heatmap_created': False, 'layout_created': False, 'user_dir': 'C:\\Users\\PC\\Desktop\\fruit\\Gesture-Powered-Virtual-Game-Control\\gaze_data\\user_3'}
2026-05-09 21:00:04  === gaze_session end (0 samples) ===

=== gaze_session start 2026-05-09 21:00:46 user=3 camera=0 (Windows: DSHOW/MSMF order per gaze_opencv_dshow_first; native res unless gaze_capture_* set) ===
2026-05-09 21:00:46  [GazeCLI] Recording user 3 on camera 0.
2026-05-09 21:00:46  [GazeCLI] Debug log file: C:\Users\PC\Desktop\fruit\Gesture-Powered-Virtual-Game-Control\gaze_data/gaze_session.log
2026-05-09 21:00:46  [Gaze] Started session for user 3.
2026-05-09 21:00:46  GAZE_STATUS FAIL capture
2026-05-09 21:00:46  [Gaze] Capture stopped after error: No module named 'gaze_tracking'
2026-05-09 21:00:47  [Gaze] Stopped session for user 3 (0 samples).
2026-05-09 21:00:47  [GazeCLI] Saved: {'sample_count': 0, 'heatmap_created': False, 'layout_created': False, 'user_dir': 'C:\\Users\\PC\\Desktop\\fruit\\Gesture-Powered-Virtual-Game-Control\\gaze_data\\user_3'}
2026-05-09 21:00:47  === gaze_session end (0 samples) ===

=== gaze_session start 2026-05-09 21:03:09 user=3 camera=0 (Windows: DSHOW/MSMF order per gaze_opencv_dshow_first; native res unless gaze_capture_* set) ===
2026-05-09 21:03:09  [GazeCLI] Recording user 3 on camera 0.
2026-05-09 21:03:09  [GazeCLI] Debug log file: C:\Users\PC\Desktop\fruit\Gesture-Powered-Virtual-Game-Control\gaze_data/gaze_session.log
2026-05-09 21:03:09  [Gaze] Started session for user 3.
2026-05-09 21:03:09  GAZE_STATUS FAIL capture
2026-05-09 21:03:09  [Gaze] Capture stopped after error: No module named 'gaze_tracking'
2026-05-09 21:03:09  [Gaze] Stopped session for user 3 (0 samples).
2026-05-09 21:03:09  [GazeCLI] Saved: {'sample_count': 0, 'heatmap_created': False, 'layout_created': False, 'user_dir': 'C:\\Users\\PC\\Desktop\\fruit\\Gesture-Powered-Virtual-Game-Control\\gaze_data\\user_3'}
2026-05-09 21:03:09  === gaze_session end (0 samples) ===

=== gaze_session start 2026-05-09 21:05:25 user=3 camera=0 (Windows: DSHOW/MSMF order per gaze_opencv_dshow_first; native res unless gaze_capture_* set) ===
2026-05-09 21:05:25  [GazeCLI] Recording user 3 on camera 0.
2026-05-09 21:05:25  [GazeCLI] Debug log file: C:\Users\PC\Desktop\fruit\Gesture-Powered-Virtual-Game-Control\gaze_data/gaze_session.log
2026-05-09 21:05:25  [Gaze] Started session for user 3.
2026-05-09 21:05:25  GAZE_STATUS FAIL capture
2026-05-09 21:05:25  [Gaze] Capture stopped after error: No module named 'gaze_tracking'
2026-05-09 21:05:25  [Gaze] Stopped session for user 3 (0 samples).
2026-05-09 21:05:25  [GazeCLI] Saved: {'sample_count': 0, 'heatmap_created': False, 'layout_created': False, 'user_dir': 'C:\\Users\\PC\\Desktop\\fruit\\Gesture-Powered-Virtual-Game-Control\\gaze_data\\user_3'}
2026-05-09 21:05:25  === gaze_session end (0 samples) ===

=== gaze_session start 2026-05-09 21:05:51 user=3 camera=0 (Windows: DSHOW/MSMF order per gaze_opencv_dshow_first; native res unless gaze_capture_* set) ===
2026-05-09 21:05:51  [GazeCLI] Recording user 3 on camera 0.
2026-05-09 21:05:51  [GazeCLI] Debug log file: C:\Users\PC\Desktop\fruit\Gesture-Powered-Virtual-Game-Control\gaze_data/gaze_session.log
2026-05-09 21:05:51  [Gaze] Started session for user 3.
2026-05-09 21:05:51  GAZE_STATUS FAIL capture
2026-05-09 21:05:51  [Gaze] Capture stopped after error: No module named 'gaze_tracking'
2026-05-09 21:05:52  [Gaze] Stopped session for user 3 (0 samples).
2026-05-09 21:05:52  [GazeCLI] Saved: {'sample_count': 0, 'heatmap_created': False, 'layout_created': False, 'user_dir': 'C:\\Users\\PC\\Desktop\\fruit\\Gesture-Powered-Virtual-Game-Control\\gaze_data\\user_3'}
2026-05-09 21:05:52  === gaze_session end (0 samples) ===

=== gaze_session start 2026-05-09 21:06:06 user=2 camera=0 (Windows: DSHOW/MSMF order per gaze_opencv_dshow_first; native res unless gaze_capture_* set) ===
2026-05-09 21:06:06  [GazeCLI] Recording user 2 on camera 0.
2026-05-09 21:06:06  [GazeCLI] Debug log file: C:\Users\PC\Desktop\fruit\Gesture-Powered-Virtual-Game-Control\gaze_data/gaze_session.log
2026-05-09 21:06:06  [Gaze] Started session for user 2.
2026-05-09 21:06:06  GAZE_STATUS FAIL capture
2026-05-09 21:06:06  [Gaze] Capture stopped after error: No module named 'gaze_tracking'
2026-05-09 21:06:06  [Gaze] Stopped session for user 2 (0 samples).
2026-05-09 21:06:06  [GazeCLI] Saved: {'sample_count': 0, 'heatmap_created': False, 'layout_created': False, 'user_dir': 'C:\\Users\\PC\\Desktop\\fruit\\Gesture-Powered-Virtual-Game-Control\\gaze_data\\user_2'}
2026-05-09 21:06:06  === gaze_session end (0 samples) ===

=== gaze_session start 2026-05-09 21:12:06 user=3 camera=0 (Windows: DSHOW/MSMF order per gaze_opencv_dshow_first; native res unless gaze_capture_* set) ===
2026-05-09 21:12:06  [GazeCLI] Recording user 3 on camera 0.
2026-05-09 21:12:06  [GazeCLI] Debug log file: C:\Users\PC\Desktop\fruit\Gesture-Powered-Virtual-Game-Control\gaze_data/gaze_session.log
2026-05-09 21:12:06  [Gaze] Started session for user 3.
2026-05-09 21:12:06  GAZE_STATUS FAIL capture
2026-05-09 21:12:06  [Gaze] Capture stopped after error: No module named 'gaze_tracking'
2026-05-09 21:12:06  [Gaze] Stopped session for user 3 (0 samples).
2026-05-09 21:12:06  [GazeCLI] Saved: {'sample_count': 0, 'heatmap_created': False, 'layout_created': False, 'user_dir': 'C:\\Users\\PC\\Desktop\\fruit\\Gesture-Powered-Virtual-Game-Control\\gaze_data\\user_3'}
2026-05-09 21:12:06  === gaze_session end (0 samples) ===

=== gaze_session start 2026-05-09 21:14:56 user=2 camera=0 (Windows: DSHOW/MSMF order per gaze_opencv_dshow_first; native res unless gaze_capture_* set) ===
2026-05-09 21:14:56  [GazeCLI] Recording user 2 on camera 0.
2026-05-09 21:14:56  [GazeCLI] Debug log file: C:\Users\PC\Desktop\fruit\Gesture-Powered-Virtual-Game-Control\gaze_data/gaze_session.log
2026-05-09 21:14:56  [Gaze] Started session for user 2.
2026-05-09 21:14:56  GAZE_STATUS FAIL capture
2026-05-09 21:14:56  [Gaze] Capture stopped after error: No module named 'gaze_tracking'
2026-05-09 21:14:56  [Gaze] Stopped session for user 2 (0 samples).
2026-05-09 21:14:56  [GazeCLI] Saved: {'sample_count': 0, 'heatmap_created': False, 'layout_created': False, 'user_dir': 'C:\\Users\\PC\\Desktop\\fruit\\Gesture-Powered-Virtual-Game-Control\\gaze_data\\user_2'}
2026-05-09 21:14:56  === gaze_session end (0 samples) ===

=== gaze_session start 2026-05-09 21:16:17 user=2 camera=0 (Windows: DSHOW/MSMF order per gaze_opencv_dshow_first; native res unless gaze_capture_* set) ===
2026-05-09 21:16:17  [GazeCLI] Recording user 2 on camera 0.
2026-05-09 21:16:17  [GazeCLI] Debug log file: C:\Users\PC\Desktop\fruit\Gesture-Powered-Virtual-Game-Control\gaze_data/gaze_session.log
2026-05-09 21:16:17  [Gaze] Started session for user 2.
2026-05-09 21:16:17  GAZE_STATUS FAIL capture
2026-05-09 21:16:17  [Gaze] Capture stopped after error: No module named 'gaze_tracking'
2026-05-09 21:16:17  [Gaze] Stopped session for user 2 (0 samples).
2026-05-09 21:16:17  [GazeCLI] Saved: {'sample_count': 0, 'heatmap_created': False, 'layout_created': False, 'user_dir': 'C:\\Users\\PC\\Desktop\\fruit\\Gesture-Powered-Virtual-Game-Control\\gaze_data\\user_2'}
2026-05-09 21:16:17  === gaze_session end (0 samples) ===

=== gaze_session start 2026-05-09 21:16:20 user=2 camera=0 (Windows: DSHOW/MSMF order per gaze_opencv_dshow_first; native res unless gaze_capture_* set) ===
2026-05-09 21:16:20  [GazeCLI] Recording user 2 on camera 0.
2026-05-09 21:16:20  [GazeCLI] Debug log file: C:\Users\PC\Desktop\fruit\Gesture-Powered-Virtual-Game-Control\gaze_data/gaze_session.log
2026-05-09 21:16:20  [Gaze] Started session for user 2.
2026-05-09 21:16:20  GAZE_STATUS FAIL capture
2026-05-09 21:16:20  [Gaze] Capture stopped after error: No module named 'gaze_tracking'
2026-05-09 21:16:20  [Gaze] Stopped session for user 2 (0 samples).
2026-05-09 21:16:20  [GazeCLI] Saved: {'sample_count': 0, 'heatmap_created': False, 'layout_created': False, 'user_dir': 'C:\\Users\\PC\\Desktop\\fruit\\Gesture-Powered-Virtual-Game-Control\\gaze_data\\user_2'}
2026-05-09 21:16:20  === gaze_session end (0 samples) ===

=== gaze_session start 2026-05-09 21:16:55 user=3 camera=0 (Windows: DSHOW/MSMF order per gaze_opencv_dshow_first; native res unless gaze_capture_* set) ===
2026-05-09 21:16:55  [GazeCLI] Recording user 3 on camera 0.
2026-05-09 21:16:55  [GazeCLI] Debug log file: C:\Users\PC\Desktop\fruit\Gesture-Powered-Virtual-Game-Control\gaze_data/gaze_session.log
2026-05-09 21:16:55  [Gaze] Started session for user 3.
2026-05-09 21:16:55  GAZE_STATUS FAIL capture
2026-05-09 21:16:55  [Gaze] Capture stopped after error: No module named 'gaze_tracking'
2026-05-09 21:16:55  [Gaze] Stopped session for user 3 (0 samples).
2026-05-09 21:16:55  [GazeCLI] Saved: {'sample_count': 0, 'heatmap_created': False, 'layout_created': False, 'user_dir': 'C:\\Users\\PC\\Desktop\\fruit\\Gesture-Powered-Virtual-Game-Control\\gaze_data\\user_3'}
2026-05-09 21:16:55  === gaze_session end (0 samples) ===

=== gaze_session start 2026-05-09 21:16:58 user=3 camera=0 (Windows: DSHOW/MSMF order per gaze_opencv_dshow_first; native res unless gaze_capture_* set) ===
2026-05-09 21:16:58  [GazeCLI] Recording user 3 on camera 0.
2026-05-09 21:16:58  [GazeCLI] Debug log file: C:\Users\PC\Desktop\fruit\Gesture-Powered-Virtual-Game-Control\gaze_data/gaze_session.log
2026-05-09 21:16:58  [Gaze] Started session for user 3.
2026-05-09 21:16:58  GAZE_STATUS FAIL capture
2026-05-09 21:16:58  [Gaze] Capture stopped after error: No module named 'gaze_tracking'
2026-05-09 21:16:58  [Gaze] Stopped session for user 3 (0 samples).
2026-05-09 21:16:58  [GazeCLI] Saved: {'sample_count': 0, 'heatmap_created': False, 'layout_created': False, 'user_dir': 'C:\\Users\\PC\\Desktop\\fruit\\Gesture-Powered-Virtual-Game-Control\\gaze_data\\user_3'}
2026-05-09 21:16:58  === gaze_session end (0 samples) ===

=== gaze_session start 2026-05-09 21:17:05 user=2 camera=0 (Windows: DSHOW/MSMF order per gaze_opencv_dshow_first; native res unless gaze_capture_* set) ===
2026-05-09 21:17:05  [GazeCLI] Recording user 2 on camera 0.
2026-05-09 21:17:05  [GazeCLI] Debug log file: C:\Users\PC\Desktop\fruit\Gesture-Powered-Virtual-Game-Control\gaze_data/gaze_session.log
2026-05-09 21:17:05  [Gaze] Started session for user 2.
2026-05-09 21:17:05  GAZE_STATUS FAIL capture
2026-05-09 21:17:05  [Gaze] Capture stopped after error: No module named 'gaze_tracking'
2026-05-09 21:17:06  [Gaze] Stopped session for user 2 (0 samples).
2026-05-09 21:17:06  [GazeCLI] Saved: {'sample_count': 0, 'heatmap_created': False, 'layout_created': False, 'user_dir': 'C:\\Users\\PC\\Desktop\\fruit\\Gesture-Powered-Virtual-Game-Control\\gaze_data\\user_2'}
2026-05-09 21:17:06  === gaze_session end (0 samples) ===

=== gaze_session start 2026-05-09 21:18:49 user=3 camera=0 (Windows: DSHOW/MSMF order per gaze_opencv_dshow_first; native res unless gaze_capture_* set) ===
2026-05-09 21:18:49  [GazeCLI] Recording user 3 on camera 0.
2026-05-09 21:18:49  [GazeCLI] Debug log file: C:\Users\PC\Desktop\fruit\Gesture-Powered-Virtual-Game-Control\gaze_data/gaze_session.log
2026-05-09 21:18:49  [Gaze] Started session for user 3.
2026-05-09 21:18:49  GAZE_STATUS FAIL capture
2026-05-09 21:18:49  [Gaze] Capture stopped after error: No module named 'gaze_tracking'
2026-05-09 21:18:49  [Gaze] Stopped session for user 3 (0 samples).
2026-05-09 21:18:49  [GazeCLI] Saved: {'sample_count': 0, 'heatmap_created': False, 'layout_created': False, 'user_dir': 'C:\\Users\\PC\\Desktop\\fruit\\Gesture-Powered-Virtual-Game-Control\\gaze_data\\user_3'}
2026-05-09 21:18:49  === gaze_session end (0 samples) ===

=== gaze_session start 2026-05-09 21:26:33 user=3 camera=0 (Windows: DSHOW/MSMF order per gaze_opencv_dshow_first; native res unless gaze_capture_* set) ===
2026-05-09 21:26:33  [GazeCLI] Recording user 3 on camera 0.
2026-05-09 21:26:33  [GazeCLI] Debug log file: C:\Users\PC\Desktop\fruit\Gesture-Powered-Virtual-Game-Control\gaze_data/gaze_session.log
2026-05-09 21:26:33  [Gaze] Started session for user 3.
2026-05-09 21:26:33  GAZE_STATUS FAIL capture
2026-05-09 21:26:33  [Gaze] Capture stopped after error: No module named 'gaze_tracking'
2026-05-09 21:26:33  [Gaze] Stopped session for user 3 (0 samples).
2026-05-09 21:26:33  [GazeCLI] Saved: {'sample_count': 0, 'heatmap_created': False, 'layout_created': False, 'user_dir': 'C:\\Users\\PC\\Desktop\\fruit\\Gesture-Powered-Virtual-Game-Control\\gaze_data\\user_3'}
2026-05-09 21:26:33  === gaze_session end (0 samples) ===

=== gaze_session start 2026-05-09 21:28:54 user=3 camera=0 (Windows: DSHOW/MSMF order per gaze_opencv_dshow_first; native res unless gaze_capture_* set) ===
2026-05-09 21:28:54  [GazeCLI] Recording user 3 on camera 0.
2026-05-09 21:28:54  [GazeCLI] Debug log file: C:\Users\PC\Desktop\fruit\Gesture-Powered-Virtual-Game-Control\gaze_data/gaze_session.log
2026-05-09 21:28:54  [Gaze] Started session for user 3.
2026-05-09 21:28:54  GAZE_STATUS FAIL capture
2026-05-09 21:28:54  [Gaze] Capture stopped after error: No module named 'gaze_tracking'
2026-05-09 21:28:54  [Gaze] Stopped session for user 3 (0 samples).
2026-05-09 21:28:54  [GazeCLI] Saved: {'sample_count': 0, 'heatmap_created': False, 'layout_created': False, 'user_dir': 'C:\\Users\\PC\\Desktop\\fruit\\Gesture-Powered-Virtual-Game-Control\\gaze_data\\user_3'}
2026-05-09 21:28:54  === gaze_session end (0 samples) ===

=== gaze_session start 2026-05-09 21:30:51 user=3 camera=0 (Windows: DSHOW/MSMF order per gaze_opencv_dshow_first; native res unless gaze_capture_* set) ===
2026-05-09 21:30:51  [GazeCLI] Recording user 3 on camera 0.
2026-05-09 21:30:51  [GazeCLI] Debug log file: C:\Users\PC\Desktop\fruit\Gesture-Powered-Virtual-Game-Control\gaze_data/gaze_session.log
2026-05-09 21:30:51  [Gaze] Started session for user 3.
2026-05-09 21:30:51  GAZE_STATUS FAIL capture
2026-05-09 21:30:51  [Gaze] Capture stopped after error: No module named 'gaze_tracking'
2026-05-09 21:30:51  [Gaze] Stopped session for user 3 (0 samples).
2026-05-09 21:30:51  [GazeCLI] Saved: {'sample_count': 0, 'heatmap_created': False, 'layout_created': False, 'user_dir': 'C:\\Users\\PC\\Desktop\\fruit\\Gesture-Powered-Virtual-Game-Control\\gaze_data\\user_3'}
2026-05-09 21:30:51  === gaze_session end (0 samples) ===

=== gaze_session start 2026-05-09 21:32:01 user=3 camera=0 (Windows: DSHOW/MSMF order per gaze_opencv_dshow_first; native res unless gaze_capture_* set) ===
2026-05-09 21:32:01  [GazeCLI] Recording user 3 on camera 0.
2026-05-09 21:32:01  [GazeCLI] Debug log file: C:\Users\PC\Desktop\fruit\Gesture-Powered-Virtual-Game-Control\gaze_data/gaze_session.log
2026-05-09 21:32:01  [Gaze] Started session for user 3.
2026-05-09 21:32:01  GAZE_STATUS FAIL capture
2026-05-09 21:32:01  [Gaze] Capture stopped after error: No module named 'gaze_tracking'
2026-05-09 21:32:01  [Gaze] Stopped session for user 3 (0 samples).
2026-05-09 21:32:01  [GazeCLI] Saved: {'sample_count': 0, 'heatmap_created': False, 'layout_created': False, 'user_dir': 'C:\\Users\\PC\\Desktop\\fruit\\Gesture-Powered-Virtual-Game-Control\\gaze_data\\user_3'}
2026-05-09 21:32:01  === gaze_session end (0 samples) ===

=== gaze_session start 2026-05-09 21:34:02 user=2 camera=0 (Windows: DSHOW/MSMF order per gaze_opencv_dshow_first; native res unless gaze_capture_* set) ===
2026-05-09 21:34:02  [GazeCLI] Recording user 2 on camera 0.
2026-05-09 21:34:02  [GazeCLI] Debug log file: C:\Users\PC\Desktop\fruit\Gesture-Powered-Virtual-Game-Control\gaze_data/gaze_session.log
2026-05-09 21:34:02  [Gaze] Started session for user 2.
2026-05-09 21:34:02  GAZE_STATUS FAIL capture
2026-05-09 21:34:02  [Gaze] Capture stopped after error: No module named 'gaze_tracking'
2026-05-09 21:34:02  [Gaze] Stopped session for user 2 (0 samples).
2026-05-09 21:34:02  [GazeCLI] Saved: {'sample_count': 0, 'heatmap_created': False, 'layout_created': False, 'user_dir': 'C:\\Users\\PC\\Desktop\\fruit\\Gesture-Powered-Virtual-Game-Control\\gaze_data\\user_2'}
2026-05-09 21:34:02  === gaze_session end (0 samples) ===

=== gaze_session start 2026-05-09 21:35:31 user=2 camera=0 (Windows: DSHOW/MSMF order per gaze_opencv_dshow_first; native res unless gaze_capture_* set) ===
2026-05-09 21:35:31  [GazeCLI] Recording user 2 on camera 0.
2026-05-09 21:35:31  [GazeCLI] Debug log file: C:\Users\PC\Desktop\fruit\Gesture-Powered-Virtual-Game-Control\gaze_data/gaze_session.log
2026-05-09 21:35:31  [Gaze] Started session for user 2.
2026-05-09 21:35:31  GAZE_STATUS FAIL capture
2026-05-09 21:35:31  [Gaze] Capture stopped after error: No module named 'gaze_tracking'
2026-05-09 21:35:32  [Gaze] Stopped session for user 2 (0 samples).
2026-05-09 21:35:32  [GazeCLI] Saved: {'sample_count': 0, 'heatmap_created': False, 'layout_created': False, 'user_dir': 'C:\\Users\\PC\\Desktop\\fruit\\Gesture-Powered-Virtual-Game-Control\\gaze_data\\user_2'}
2026-05-09 21:35:32  === gaze_session end (0 samples) ===

=== gaze_session start 2026-05-09 21:35:59 user=2 camera=0 (Windows: DSHOW/MSMF order per gaze_opencv_dshow_first; native res unless gaze_capture_* set) ===
2026-05-09 21:35:59  [GazeCLI] Recording user 2 on camera 0.
2026-05-09 21:35:59  [GazeCLI] Debug log file: C:\Users\PC\Desktop\fruit\Gesture-Powered-Virtual-Game-Control\gaze_data/gaze_session.log
2026-05-09 21:35:59  [Gaze] Started session for user 2.
2026-05-09 21:35:59  GAZE_STATUS FAIL capture
2026-05-09 21:35:59  [Gaze] Capture stopped after error: No module named 'gaze_tracking'
2026-05-09 21:36:01  [Gaze] Stopped session for user 2 (0 samples).
2026-05-09 21:36:01  [GazeCLI] Saved: {'sample_count': 0, 'heatmap_created': False, 'layout_created': False, 'user_dir': 'C:\\Users\\PC\\Desktop\\fruit\\Gesture-Powered-Virtual-Game-Control\\gaze_data\\user_2'}
2026-05-09 21:36:01  === gaze_session end (0 samples) ===

=== gaze_session start 2026-05-09 21:40:01 user=3 camera=0 (Windows: DSHOW/MSMF order per gaze_opencv_dshow_first; native res unless gaze_capture_* set) ===
2026-05-09 21:40:01  [GazeCLI] Recording user 3 on camera 0.
2026-05-09 21:40:01  [GazeCLI] Debug log file: C:\Users\PC\Desktop\fruit\Gesture-Powered-Virtual-Game-Control\gaze_data/gaze_session.log
2026-05-09 21:40:01  [Gaze] Started session for user 3.
2026-05-09 21:40:01  GAZE_STATUS FAIL capture
2026-05-09 21:40:01  [Gaze] Capture stopped after error: No module named 'gaze_tracking'
2026-05-09 21:40:01  [Gaze] Stopped session for user 3 (0 samples).
2026-05-09 21:40:01  [GazeCLI] Saved: {'sample_count': 0, 'heatmap_created': False, 'layout_created': False, 'user_dir': 'C:\\Users\\PC\\Desktop\\fruit\\Gesture-Powered-Virtual-Game-Control\\gaze_data\\user_3'}
2026-05-09 21:40:01  === gaze_session end (0 samples) ===

=== gaze_session start 2026-05-09 21:41:08 user=3 camera=0 (Windows: DSHOW/MSMF order per gaze_opencv_dshow_first; native res unless gaze_capture_* set) ===
2026-05-09 21:41:08  [GazeCLI] Recording user 3 on camera 0.
2026-05-09 21:41:08  [GazeCLI] Debug log file: C:\Users\PC\Desktop\fruit\Gesture-Powered-Virtual-Game-Control\gaze_data/gaze_session.log
2026-05-09 21:41:08  [Gaze] Started session for user 3.
2026-05-09 21:41:08  GAZE_STATUS FAIL capture
2026-05-09 21:41:08  [Gaze] Capture stopped after error: No module named 'gaze_tracking'
2026-05-09 21:41:08  [Gaze] Stopped session for user 3 (0 samples).
2026-05-09 21:41:08  [GazeCLI] Saved: {'sample_count': 0, 'heatmap_created': False, 'layout_created': False, 'user_dir': 'C:\\Users\\PC\\Desktop\\fruit\\Gesture-Powered-Virtual-Game-Control\\gaze_data\\user_3'}
2026-05-09 21:41:08  === gaze_session end (0 samples) ===

=== gaze_session start 2026-05-09 21:42:51 user=2 camera=0 (Windows: DSHOW/MSMF order per gaze_opencv_dshow_first; native res unless gaze_capture_* set) ===
2026-05-09 21:42:51  [GazeCLI] Recording user 2 on camera 0.
2026-05-09 21:42:51  [GazeCLI] Debug log file: C:\Users\PC\Desktop\fruit\Gesture-Powered-Virtual-Game-Control\gaze_data/gaze_session.log
2026-05-09 21:42:51  [Gaze] Started session for user 2.
2026-05-09 21:42:51  GAZE_STATUS FAIL capture
2026-05-09 21:42:51  [Gaze] Capture stopped after error: No module named 'gaze_tracking'
2026-05-09 21:42:51  [Gaze] Stopped session for user 2 (0 samples).
2026-05-09 21:42:51  [GazeCLI] Saved: {'sample_count': 0, 'heatmap_created': False, 'layout_created': False, 'user_dir': 'C:\\Users\\PC\\Desktop\\fruit\\Gesture-Powered-Virtual-Game-Control\\gaze_data\\user_2'}
2026-05-09 21:42:51  === gaze_session end (0 samples) ===

=== gaze_session start 2026-05-09 21:45:00 user=2 camera=0 (Windows: DSHOW/MSMF order per gaze_opencv_dshow_first; native res unless gaze_capture_* set) ===
2026-05-09 21:45:00  [GazeCLI] Recording user 2 on camera 0.
2026-05-09 21:45:00  [GazeCLI] Debug log file: C:\Users\PC\Desktop\fruit\Gesture-Powered-Virtual-Game-Control\gaze_data/gaze_session.log
2026-05-09 21:45:00  [Gaze] Started session for user 2.
2026-05-09 21:45:01  GAZE_STATUS FAIL capture
2026-05-09 21:45:01  [Gaze] Capture stopped after error: No module named 'gaze_tracking'
2026-05-09 21:45:01  [Gaze] Stopped session for user 2 (0 samples).
2026-05-09 21:45:01  [GazeCLI] Saved: {'sample_count': 0, 'heatmap_created': False, 'layout_created': False, 'user_dir': 'C:\\Users\\PC\\Desktop\\fruit\\Gesture-Powered-Virtual-Game-Control\\gaze_data\\user_2'}
2026-05-09 21:45:01  === gaze_session end (0 samples) ===

=== gaze_session start 2026-05-09 21:46:37 user=3 camera=0 (Windows: DSHOW/MSMF order per gaze_opencv_dshow_first; native res unless gaze_capture_* set) ===
2026-05-09 21:46:37  [GazeCLI] Recording user 3 on camera 0.
2026-05-09 21:46:37  [GazeCLI] Debug log file: C:\Users\PC\Desktop\fruit\Gesture-Powered-Virtual-Game-Control\gaze_data/gaze_session.log
2026-05-09 21:46:37  [Gaze] Started session for user 3.
2026-05-09 21:46:37  GAZE_STATUS FAIL capture
2026-05-09 21:46:37  [Gaze] Capture stopped after error: No module named 'gaze_tracking'
2026-05-09 21:46:37  [Gaze] Stopped session for user 3 (0 samples).
2026-05-09 21:46:37  [GazeCLI] Saved: {'sample_count': 0, 'heatmap_created': False, 'layout_created': False, 'user_dir': 'C:\\Users\\PC\\Desktop\\fruit\\Gesture-Powered-Virtual-Game-Control\\gaze_data\\user_3'}
2026-05-09 21:46:37  === gaze_session end (0 samples) ===

=== gaze_session start 2026-05-09 21:49:51 user=3 camera=0 (Windows: DSHOW/MSMF order per gaze_opencv_dshow_first; native res unless gaze_capture_* set) ===
2026-05-09 21:49:51  [GazeCLI] Recording user 3 on camera 0.
2026-05-09 21:49:51  [GazeCLI] Debug log file: C:\Users\PC\Desktop\fruit\Gesture-Powered-Virtual-Game-Control\gaze_data/gaze_session.log
2026-05-09 21:49:51  [Gaze] Started session for user 3.
2026-05-09 21:49:51  GAZE_STATUS FAIL capture
2026-05-09 21:49:51  [Gaze] Capture stopped after error: No module named 'gaze_tracking'
2026-05-09 21:49:51  [Gaze] Stopped session for user 3 (0 samples).
2026-05-09 21:49:51  [GazeCLI] Saved: {'sample_count': 0, 'heatmap_created': False, 'layout_created': False, 'user_dir': 'C:\\Users\\PC\\Desktop\\fruit\\Gesture-Powered-Virtual-Game-Control\\gaze_data\\user_3'}
2026-05-09 21:49:51  === gaze_session end (0 samples) ===

=== gaze_session start 2026-05-09 21:53:36 user=3 camera=0 (Windows: DSHOW/MSMF order per gaze_opencv_dshow_first; native res unless gaze_capture_* set) ===
2026-05-09 21:53:36  [GazeCLI] Recording user 3 on camera 0.
2026-05-09 21:53:36  [GazeCLI] Debug log file: C:\Users\PC\Desktop\fruit\Gesture-Powered-Virtual-Game-Control\gaze_data/gaze_session.log
2026-05-09 21:53:36  [Gaze] Started session for user 3.
2026-05-09 21:53:36  GAZE_STATUS FAIL capture
2026-05-09 21:53:36  [Gaze] Capture stopped after error: No module named 'gaze_tracking'
2026-05-09 21:53:36  [Gaze] Stopped session for user 3 (0 samples).
2026-05-09 21:53:36  [GazeCLI] Saved: {'sample_count': 0, 'heatmap_created': False, 'layout_created': False, 'user_dir': 'C:\\Users\\PC\\Desktop\\fruit\\Gesture-Powered-Virtual-Game-Control\\gaze_data\\user_3'}
2026-05-09 21:53:36  === gaze_session end (0 samples) ===

=== gaze_session start 2026-05-09 21:55:25 user=3 camera=0 (Windows: DSHOW/MSMF order per gaze_opencv_dshow_first; native res unless gaze_capture_* set) ===
2026-05-09 21:55:25  [GazeCLI] Recording user 3 on camera 0.
2026-05-09 21:55:25  [GazeCLI] Debug log file: C:\Users\PC\Desktop\fruit\Gesture-Powered-Virtual-Game-Control\gaze_data/gaze_session.log
2026-05-09 21:55:25  [Gaze] Started session for user 3.
2026-05-09 21:55:25  GAZE_STATUS FAIL capture
2026-05-09 21:55:25  [Gaze] Capture stopped after error: No module named 'gaze_tracking'
2026-05-09 21:55:25  [Gaze] Stopped session for user 3 (0 samples).
2026-05-09 21:55:25  [GazeCLI] Saved: {'sample_count': 0, 'heatmap_created': False, 'layout_created': False, 'user_dir': 'C:\\Users\\PC\\Desktop\\fruit\\Gesture-Powered-Virtual-Game-Control\\gaze_data\\user_3'}
2026-05-09 21:55:25  === gaze_session end (0 samples) ===

=== gaze_session start 2026-05-09 21:55:30 user=3 camera=0 (Windows: DSHOW/MSMF order per gaze_opencv_dshow_first; native res unless gaze_capture_* set) ===
2026-05-09 21:55:30  [GazeCLI] Recording user 3 on camera 0.
2026-05-09 21:55:30  [GazeCLI] Debug log file: C:\Users\PC\Desktop\fruit\Gesture-Powered-Virtual-Game-Control\gaze_data/gaze_session.log
2026-05-09 21:55:30  [Gaze] Started session for user 3.
2026-05-09 21:55:30  GAZE_STATUS FAIL capture
2026-05-09 21:55:30  [Gaze] Capture stopped after error: No module named 'gaze_tracking'
2026-05-09 21:55:30  [Gaze] Stopped session for user 3 (0 samples).
2026-05-09 21:55:30  [GazeCLI] Saved: {'sample_count': 0, 'heatmap_created': False, 'layout_created': False, 'user_dir': 'C:\\Users\\PC\\Desktop\\fruit\\Gesture-Powered-Virtual-Game-Control\\gaze_data\\user_3'}
2026-05-09 21:55:30  === gaze_session end (0 samples) ===

=== gaze_session start 2026-05-09 21:55:33 user=3 camera=0 (Windows: DSHOW/MSMF order per gaze_opencv_dshow_first; native res unless gaze_capture_* set) ===
2026-05-09 21:55:33  [GazeCLI] Recording user 3 on camera 0.
2026-05-09 21:55:33  [GazeCLI] Debug log file: C:\Users\PC\Desktop\fruit\Gesture-Powered-Virtual-Game-Control\gaze_data/gaze_session.log
2026-05-09 21:55:33  [Gaze] Started session for user 3.
2026-05-09 21:55:33  GAZE_STATUS FAIL capture
2026-05-09 21:55:33  [Gaze] Capture stopped after error: No module named 'gaze_tracking'
2026-05-09 21:55:33  [Gaze] Stopped session for user 3 (0 samples).
2026-05-09 21:55:33  [GazeCLI] Saved: {'sample_count': 0, 'heatmap_created': False, 'layout_created': False, 'user_dir': 'C:\\Users\\PC\\Desktop\\fruit\\Gesture-Powered-Virtual-Game-Control\\gaze_data\\user_3'}
2026-05-09 21:55:33  === gaze_session end (0 samples) ===

=== gaze_session start 2026-05-09 21:55:36 user=3 camera=0 (Windows: DSHOW/MSMF order per gaze_opencv_dshow_first; native res unless gaze_capture_* set) ===
2026-05-09 21:55:36  [GazeCLI] Recording user 3 on camera 0.
2026-05-09 21:55:36  [GazeCLI] Debug log file: C:\Users\PC\Desktop\fruit\Gesture-Powered-Virtual-Game-Control\gaze_data/gaze_session.log
2026-05-09 21:55:36  [Gaze] Started session for user 3.
2026-05-09 21:55:36  GAZE_STATUS FAIL capture
2026-05-09 21:55:36  [Gaze] Capture stopped after error: No module named 'gaze_tracking'
2026-05-09 21:55:36  [Gaze] Stopped session for user 3 (0 samples).
2026-05-09 21:55:36  [GazeCLI] Saved: {'sample_count': 0, 'heatmap_created': False, 'layout_created': False, 'user_dir': 'C:\\Users\\PC\\Desktop\\fruit\\Gesture-Powered-Virtual-Game-Control\\gaze_data\\user_3'}
2026-05-09 21:55:36  === gaze_session end (0 samples) ===

=== gaze_session start 2026-05-09 21:55:39 user=3 camera=0 (Windows: DSHOW/MSMF order per gaze_opencv_dshow_first; native res unless gaze_capture_* set) ===
2026-05-09 21:55:39  [GazeCLI] Recording user 3 on camera 0.
2026-05-09 21:55:39  [GazeCLI] Debug log file: C:\Users\PC\Desktop\fruit\Gesture-Powered-Virtual-Game-Control\gaze_data/gaze_session.log
2026-05-09 21:55:39  [Gaze] Started session for user 3.
2026-05-09 21:55:39  GAZE_STATUS FAIL capture
2026-05-09 21:55:39  [Gaze] Capture stopped after error: No module named 'gaze_tracking'
2026-05-09 21:55:39  [Gaze] Stopped session for user 3 (0 samples).
2026-05-09 21:55:39  [GazeCLI] Saved: {'sample_count': 0, 'heatmap_created': False, 'layout_created': False, 'user_dir': 'C:\\Users\\PC\\Desktop\\fruit\\Gesture-Powered-Virtual-Game-Control\\gaze_data\\user_3'}
2026-05-09 21:55:39  === gaze_session end (0 samples) ===

=== gaze_session start 2026-05-09 21:58:43 user=3 camera=0 (Windows: DSHOW/MSMF order per gaze_opencv_dshow_first; native res unless gaze_capture_* set) ===
2026-05-09 21:58:43  [GazeCLI] Recording user 3 on camera 0.
2026-05-09 21:58:43  [GazeCLI] Debug log file: C:\Users\PC\Desktop\fruit\Gesture-Powered-Virtual-Game-Control\gaze_data/gaze_session.log
2026-05-09 21:58:43  [Gaze] Started session for user 3.
2026-05-09 21:58:43  GAZE_STATUS FAIL capture
2026-05-09 21:58:43  [Gaze] Capture stopped after error: No module named 'gaze_tracking'
2026-05-09 21:58:43  [Gaze] Stopped session for user 3 (0 samples).
2026-05-09 21:58:43  [GazeCLI] Saved: {'sample_count': 0, 'heatmap_created': False, 'layout_created': False, 'user_dir': 'C:\\Users\\PC\\Desktop\\fruit\\Gesture-Powered-Virtual-Game-Control\\gaze_data\\user_3'}
2026-05-09 21:58:43  === gaze_session end (0 samples) ===

=== gaze_session start 2026-05-09 22:22:13 user=3 camera=0 (Windows: DSHOW/MSMF order per gaze_opencv_dshow_first; native res unless gaze_capture_* set) ===
2026-05-09 22:22:13  [GazeCLI] Recording user 3 on camera 0.
2026-05-09 22:22:13  [GazeCLI] Debug log file: C:\Users\PC\Desktop\fruit\Gesture-Powered-Virtual-Game-Control\gaze_data/gaze_session.log
2026-05-09 22:22:13  [Gaze] Started session for user 3.
2026-05-09 22:22:13  GAZE_STATUS FAIL capture
2026-05-09 22:22:13  [Gaze] Capture stopped after error: No module named 'gaze_tracking'
2026-05-09 22:22:14  [Gaze] Stopped session for user 3 (0 samples).
2026-05-09 22:22:14  [GazeCLI] Saved: {'sample_count': 0, 'heatmap_created': False, 'layout_created': False, 'user_dir': 'C:\\Users\\PC\\Desktop\\fruit\\Gesture-Powered-Virtual-Game-Control\\gaze_data\\user_3'}
2026-05-09 22:22:14  === gaze_session end (0 samples) ===

=== gaze_session start 2026-05-09 22:23:31 user=3 camera=0 (Windows: DSHOW/MSMF order per gaze_opencv_dshow_first; native res unless gaze_capture_* set) ===
2026-05-09 22:23:31  [GazeCLI] Recording user 3 on camera 0.
2026-05-09 22:23:31  [GazeCLI] Debug log file: C:\Users\PC\Desktop\fruit\Gesture-Powered-Virtual-Game-Control\gaze_data/gaze_session.log
2026-05-09 22:23:31  [Gaze] Started session for user 3.
2026-05-09 22:23:32  GAZE_STATUS FAIL capture
2026-05-09 22:23:32  [Gaze] Capture stopped after error: No module named 'gaze_tracking'
2026-05-09 22:23:33  [Gaze] Stopped session for user 3 (0 samples).
2026-05-09 22:23:33  [GazeCLI] Saved: {'sample_count': 0, 'heatmap_created': False, 'layout_created': False, 'user_dir': 'C:\\Users\\PC\\Desktop\\fruit\\Gesture-Powered-Virtual-Game-Control\\gaze_data\\user_3'}
2026-05-09 22:23:33  === gaze_session end (0 samples) ===

=== gaze_session start 2026-05-09 22:23:39 user=3 camera=0 (Windows: DSHOW/MSMF order per gaze_opencv_dshow_first; native res unless gaze_capture_* set) ===
2026-05-09 22:23:39  [GazeCLI] Recording user 3 on camera 0.
2026-05-09 22:23:39  [GazeCLI] Debug log file: C:\Users\PC\Desktop\fruit\Gesture-Powered-Virtual-Game-Control\gaze_data/gaze_session.log
2026-05-09 22:23:39  [Gaze] Started session for user 3.
2026-05-09 22:23:39  GAZE_STATUS FAIL capture
2026-05-09 22:23:39  [Gaze] Capture stopped after error: No module named 'gaze_tracking'
2026-05-09 22:23:42  [Gaze] Stopped session for user 3 (0 samples).
2026-05-09 22:23:42  [GazeCLI] Saved: {'sample_count': 0, 'heatmap_created': False, 'layout_created': False, 'user_dir': 'C:\\Users\\PC\\Desktop\\fruit\\Gesture-Powered-Virtual-Game-Control\\gaze_data\\user_3'}
2026-05-09 22:23:42  === gaze_session end (0 samples) ===

=== gaze_session start 2026-05-09 22:23:45 user=2 camera=0 (Windows: DSHOW/MSMF order per gaze_opencv_dshow_first; native res unless gaze_capture_* set) ===
2026-05-09 22:23:45  [GazeCLI] Recording user 2 on camera 0.
2026-05-09 22:23:45  [GazeCLI] Debug log file: C:\Users\PC\Desktop\fruit\Gesture-Powered-Virtual-Game-Control\gaze_data/gaze_session.log
2026-05-09 22:23:45  [Gaze] Started session for user 2.
2026-05-09 22:23:45  GAZE_STATUS FAIL capture
2026-05-09 22:23:45  [Gaze] Capture stopped after error: No module named 'gaze_tracking'
2026-05-09 22:23:48  [Gaze] Stopped session for user 2 (0 samples).
2026-05-09 22:23:48  [GazeCLI] Saved: {'sample_count': 0, 'heatmap_created': False, 'layout_created': False, 'user_dir': 'C:\\Users\\PC\\Desktop\\fruit\\Gesture-Powered-Virtual-Game-Control\\gaze_data\\user_2'}
2026-05-09 22:23:48  === gaze_session end (0 samples) ===

=== gaze_session start 2026-05-09 22:26:34 user=2 camera=0 (Windows: DSHOW/MSMF order per gaze_opencv_dshow_first; native res unless gaze_capture_* set) ===
2026-05-09 22:26:34  [GazeCLI] Recording user 2 on camera 0.
2026-05-09 22:26:34  [GazeCLI] Debug log file: C:\Users\PC\Desktop\fruit\Gesture-Powered-Virtual-Game-Control\gaze_data/gaze_session.log
2026-05-09 22:26:34  [Gaze] Started session for user 2.
2026-05-09 22:26:34  GAZE_STATUS FAIL capture
2026-05-09 22:26:34  [Gaze] Capture stopped after error: No module named 'gaze_tracking'
2026-05-09 22:26:53  [Gaze] Stopped session for user 2 (0 samples).
2026-05-09 22:26:53  [GazeCLI] Saved: {'sample_count': 0, 'heatmap_created': False, 'layout_created': False, 'user_dir': 'C:\\Users\\PC\\Desktop\\fruit\\Gesture-Powered-Virtual-Game-Control\\gaze_data\\user_2'}
2026-05-09 22:26:53  === gaze_session end (0 samples) ===

=== gaze_session start 2026-05-09 22:59:15 user=3 camera=0 (Windows: DSHOW/MSMF order per gaze_opencv_dshow_first; native res unless gaze_capture_* set) ===
2026-05-09 22:59:15  [GazeCLI] Recording user 3 on camera 0.
2026-05-09 22:59:15  [GazeCLI] Debug log file: C:\Users\PC\Desktop\fruit\Gesture-Powered-Virtual-Game-Control\gaze_data/gaze_session.log
2026-05-09 22:59:15  [Gaze] Started session for user 3.
2026-05-09 22:59:15  GAZE_STATUS FAIL capture
2026-05-09 22:59:15  [Gaze] Capture stopped after error: No module named 'gaze_tracking'
2026-05-09 22:59:15  [Gaze] Stopped session for user 3 (0 samples).
2026-05-09 22:59:15  [GazeCLI] Saved: {'sample_count': 0, 'heatmap_created': False, 'layout_created': False, 'user_dir': 'C:\\Users\\PC\\Desktop\\fruit\\Gesture-Powered-Virtual-Game-Control\\gaze_data\\user_3'}
2026-05-09 22:59:15  === gaze_session end (0 samples) ===

=== gaze_session start 2026-05-09 23:01:47 user=3 camera=0 (Windows: DSHOW/MSMF order per gaze_opencv_dshow_first; native res unless gaze_capture_* set) ===
2026-05-09 23:01:47  [GazeCLI] Recording user 3 on camera 0.
2026-05-09 23:01:47  [GazeCLI] Debug log file: C:\Users\PC\Desktop\fruit\Gesture-Powered-Virtual-Game-Control\gaze_data/gaze_session.log
2026-05-09 23:01:47  [Gaze] Started session for user 3.
2026-05-09 23:01:47  GAZE_STATUS FAIL capture
2026-05-09 23:01:47  [Gaze] Capture stopped after error: No module named 'gaze_tracking'
2026-05-09 23:01:47  [Gaze] Stopped session for user 3 (0 samples).
2026-05-09 23:01:47  [GazeCLI] Saved: {'sample_count': 0, 'heatmap_created': False, 'layout_created': False, 'user_dir': 'C:\\Users\\PC\\Desktop\\fruit\\Gesture-Powered-Virtual-Game-Control\\gaze_data\\user_3'}
2026-05-09 23:01:47  === gaze_session end (0 samples) ===

=== gaze_session start 2026-05-09 23:02:22 user=3 camera=0 (Windows: DSHOW/MSMF order per gaze_opencv_dshow_first; native res unless gaze_capture_* set) ===
2026-05-09 23:02:22  [GazeCLI] Recording user 3 on camera 0.
2026-05-09 23:02:22  [GazeCLI] Debug log file: C:\Users\PC\Desktop\fruit\Gesture-Powered-Virtual-Game-Control\gaze_data/gaze_session.log
2026-05-09 23:02:22  [Gaze] Started session for user 3.
2026-05-09 23:02:22  GAZE_STATUS FAIL capture
2026-05-09 23:02:22  [Gaze] Capture stopped after error: No module named 'gaze_tracking'
2026-05-09 23:02:29  [Gaze] Stopped session for user 3 (0 samples).
2026-05-09 23:02:29  [GazeCLI] Saved: {'sample_count': 0, 'heatmap_created': False, 'layout_created': False, 'user_dir': 'C:\\Users\\PC\\Desktop\\fruit\\Gesture-Powered-Virtual-Game-Control\\gaze_data\\user_3'}
2026-05-09 23:02:29  === gaze_session end (0 samples) ===

=== gaze_session start 2026-05-09 23:03:11 user=3 camera=0 (Windows: DSHOW/MSMF order per gaze_opencv_dshow_first; native res unless gaze_capture_* set) ===
2026-05-09 23:03:11  [GazeCLI] Recording user 3 on camera 0.
2026-05-09 23:03:11  [GazeCLI] Debug log file: C:\Users\PC\Desktop\fruit\Gesture-Powered-Virtual-Game-Control\gaze_data/gaze_session.log
2026-05-09 23:03:11  [Gaze] Started session for user 3.
2026-05-09 23:03:11  GAZE_STATUS FAIL capture
2026-05-09 23:03:11  [Gaze] Capture stopped after error: No module named 'gaze_tracking'
2026-05-09 23:03:11  [Gaze] Stopped session for user 3 (0 samples).
2026-05-09 23:03:11  [GazeCLI] Saved: {'sample_count': 0, 'heatmap_created': False, 'layout_created': False, 'user_dir': 'C:\\Users\\PC\\Desktop\\fruit\\Gesture-Powered-Virtual-Game-Control\\gaze_data\\user_3'}
2026-05-09 23:03:11  === gaze_session end (0 samples) ===

=== gaze_session start 2026-05-09 23:05:04 user=3 camera=0 (Windows: DSHOW/MSMF order per gaze_opencv_dshow_first; native res unless gaze_capture_* set) ===
2026-05-09 23:05:04  [GazeCLI] Recording user 3 on camera 0.
2026-05-09 23:05:04  [GazeCLI] Debug log file: C:\Users\PC\Desktop\fruit\Gesture-Powered-Virtual-Game-Control\gaze_data/gaze_session.log
2026-05-09 23:05:04  [Gaze] Started session for user 3.
2026-05-09 23:05:04  GAZE_STATUS FAIL capture
2026-05-09 23:05:04  [Gaze] Capture stopped after error: No module named 'gaze_tracking'
2026-05-09 23:05:05  [Gaze] Stopped session for user 3 (0 samples).
2026-05-09 23:05:05  [GazeCLI] Saved: {'sample_count': 0, 'heatmap_created': False, 'layout_created': False, 'user_dir': 'C:\\Users\\PC\\Desktop\\fruit\\Gesture-Powered-Virtual-Game-Control\\gaze_data\\user_3'}
2026-05-09 23:05:05  === gaze_session end (0 samples) ===

=== gaze_session start 2026-05-09 23:06:28 user=2 camera=0 (Windows: DSHOW/MSMF order per gaze_opencv_dshow_first; native res unless gaze_capture_* set) ===
2026-05-09 23:06:28  [GazeCLI] Recording user 2 on camera 0.
2026-05-09 23:06:28  [GazeCLI] Debug log file: C:\Users\PC\Desktop\fruit\Gesture-Powered-Virtual-Game-Control\gaze_data/gaze_session.log
2026-05-09 23:06:28  [Gaze] Started session for user 2.
2026-05-09 23:06:28  GAZE_STATUS FAIL capture
2026-05-09 23:06:28  [Gaze] Capture stopped after error: No module named 'gaze_tracking'
2026-05-09 23:06:29  [Gaze] Stopped session for user 2 (0 samples).
2026-05-09 23:06:29  [GazeCLI] Saved: {'sample_count': 0, 'heatmap_created': False, 'layout_created': False, 'user_dir': 'C:\\Users\\PC\\Desktop\\fruit\\Gesture-Powered-Virtual-Game-Control\\gaze_data\\user_2'}
2026-05-09 23:06:29  === gaze_session end (0 samples) ===

=== gaze_session start 2026-05-09 23:07:43 user=2 camera=0 (Windows: DSHOW/MSMF order per gaze_opencv_dshow_first; native res unless gaze_capture_* set) ===
2026-05-09 23:07:43  [GazeCLI] Recording user 2 on camera 0.
2026-05-09 23:07:43  [GazeCLI] Debug log file: C:\Users\PC\Desktop\fruit\Gesture-Powered-Virtual-Game-Control\gaze_data/gaze_session.log
2026-05-09 23:07:43  [Gaze] Started session for user 2.
2026-05-09 23:07:43  GAZE_STATUS FAIL capture
2026-05-09 23:07:43  [Gaze] Capture stopped after error: No module named 'gaze_tracking'
2026-05-09 23:07:43  [Gaze] Stopped session for user 2 (0 samples).
2026-05-09 23:07:43  [GazeCLI] Saved: {'sample_count': 0, 'heatmap_created': False, 'layout_created': False, 'user_dir': 'C:\\Users\\PC\\Desktop\\fruit\\Gesture-Powered-Virtual-Game-Control\\gaze_data\\user_2'}
2026-05-09 23:07:43  === gaze_session end (0 samples) ===

=== gaze_session start 2026-05-09 23:08:38 user=2 camera=0 (Windows: DSHOW/MSMF order per gaze_opencv_dshow_first; native res unless gaze_capture_* set) ===
2026-05-09 23:08:38  [GazeCLI] Recording user 2 on camera 0.
2026-05-09 23:08:38  [GazeCLI] Debug log file: C:\Users\PC\Desktop\fruit\Gesture-Powered-Virtual-Game-Control\gaze_data/gaze_session.log
2026-05-09 23:08:38  [Gaze] Started session for user 2.
2026-05-09 23:08:38  GAZE_STATUS FAIL capture
2026-05-09 23:08:38  [Gaze] Capture stopped after error: No module named 'gaze_tracking'
2026-05-09 23:08:46  [Gaze] Stopped session for user 2 (0 samples).
2026-05-09 23:08:46  [GazeCLI] Saved: {'sample_count': 0, 'heatmap_created': False, 'layout_created': False, 'user_dir': 'C:\\Users\\PC\\Desktop\\fruit\\Gesture-Powered-Virtual-Game-Control\\gaze_data\\user_2'}
2026-05-09 23:08:46  === gaze_session end (0 samples) ===

=== gaze_session start 2026-05-09 23:10:28 user=2 camera=0 (Windows: DSHOW/MSMF order per gaze_opencv_dshow_first; native res unless gaze_capture_* set) ===
2026-05-09 23:10:28  [GazeCLI] Recording user 2 on camera 0.
2026-05-09 23:10:28  [GazeCLI] Debug log file: C:\Users\PC\Desktop\fruit\Gesture-Powered-Virtual-Game-Control\gaze_data/gaze_session.log
2026-05-09 23:10:28  [Gaze] Started session for user 2.
2026-05-09 23:10:28  GAZE_STATUS FAIL capture
2026-05-09 23:10:28  [Gaze] Capture stopped after error: No module named 'gaze_tracking'
2026-05-09 23:10:30  [Gaze] Stopped session for user 2 (0 samples).
2026-05-09 23:10:30  [GazeCLI] Saved: {'sample_count': 0, 'heatmap_created': False, 'layout_created': False, 'user_dir': 'C:\\Users\\PC\\Desktop\\fruit\\Gesture-Powered-Virtual-Game-Control\\gaze_data\\user_2'}
2026-05-09 23:10:30  === gaze_session end (0 samples) ===

=== gaze_session start 2026-05-09 23:16:44 user=2 camera=0 (Windows: DSHOW/MSMF order per gaze_opencv_dshow_first; native res unless gaze_capture_* set) ===
2026-05-09 23:16:44  [GazeCLI] Recording user 2 on camera 0.
2026-05-09 23:16:44  [GazeCLI] Debug log file: C:\Users\PC\Desktop\fruit\Gesture-Powered-Virtual-Game-Control\gaze_data/gaze_session.log
2026-05-09 23:16:44  [Gaze] Started session for user 2.
2026-05-09 23:16:44  GAZE_STATUS FAIL capture
2026-05-09 23:16:44  [Gaze] Capture stopped after error: No module named 'gaze_tracking'
2026-05-09 23:16:45  [Gaze] Stopped session for user 2 (0 samples).
2026-05-09 23:16:45  [GazeCLI] Saved: {'sample_count': 0, 'heatmap_created': False, 'layout_created': False, 'user_dir': 'C:\\Users\\PC\\Desktop\\fruit\\Gesture-Powered-Virtual-Game-Control\\gaze_data\\user_2'}
2026-05-09 23:16:45  === gaze_session end (0 samples) ===

=== gaze_session start 2026-05-09 23:19:03 user=2 camera=0 (Windows: DSHOW/MSMF order per gaze_opencv_dshow_first; native res unless gaze_capture_* set) ===
2026-05-09 23:19:03  [GazeCLI] Recording user 2 on camera 0.
2026-05-09 23:19:03  [GazeCLI] Debug log file: C:\Users\PC\Desktop\fruit\Gesture-Powered-Virtual-Game-Control\gaze_data/gaze_session.log
2026-05-09 23:19:03  [Gaze] Started session for user 2.
2026-05-09 23:19:03  GAZE_STATUS FAIL capture
2026-05-09 23:19:03  [Gaze] Capture stopped after error: No module named 'gaze_tracking'
2026-05-09 23:19:08  [Gaze] Stopped session for user 2 (0 samples).
2026-05-09 23:19:08  [GazeCLI] Saved: {'sample_count': 0, 'heatmap_created': False, 'layout_created': False, 'user_dir': 'C:\\Users\\PC\\Desktop\\fruit\\Gesture-Powered-Virtual-Game-Control\\gaze_data\\user_2'}
2026-05-09 23:19:08  === gaze_session end (0 samples) ===

=== gaze_session start 2026-05-09 23:41:00 user=0 camera=0 (Windows: DSHOW/MSMF order per gaze_opencv_dshow_first; native res unless gaze_capture_* set) ===
2026-05-09 23:41:00  [GazeCLI] Recording user 0 on camera 0.
2026-05-09 23:41:00  [GazeCLI] Debug log file: C:\Users\PC\Desktop\fruit\Gesture-Powered-Virtual-Game-Control\gaze_data/gaze_session.log
2026-05-09 23:41:00  [Gaze] Started session for user 0.
2026-05-09 23:41:00  GAZE_STATUS FAIL capture
2026-05-09 23:41:00  [Gaze] Capture stopped after error: No module named 'gaze_tracking'
2026-05-09 23:41:02  [Gaze] Stopped session for user 0 (0 samples).
2026-05-09 23:41:02  [GazeCLI] Saved: {'sample_count': 0, 'heatmap_created': False, 'layout_created': False, 'user_dir': 'C:\\Users\\PC\\Desktop\\fruit\\Gesture-Powered-Virtual-Game-Control\\gaze_data\\user_0'}
2026-05-09 23:41:02  === gaze_session end (0 samples) ===

=== gaze_session start 2026-05-09 23:43:06 user=1 camera=0 (Windows: DSHOW/MSMF order per gaze_opencv_dshow_first; native res unless gaze_capture_* set) ===
2026-05-09 23:43:06  [GazeCLI] Recording user 1 on camera 0.
2026-05-09 23:43:06  [GazeCLI] Debug log file: C:\Users\PC\Desktop\fruit\Gesture-Powered-Virtual-Game-Control\gaze_data/gaze_session.log
2026-05-09 23:43:06  [Gaze] Started session for user 1.
2026-05-09 23:43:06  GAZE_STATUS FAIL capture
2026-05-09 23:43:06  [Gaze] Capture stopped after error: No module named 'gaze_tracking'
2026-05-09 23:43:06  [Gaze] Stopped session for user 1 (0 samples).
2026-05-09 23:43:06  [GazeCLI] Saved: {'sample_count': 0, 'heatmap_created': False, 'layout_created': False, 'user_dir': 'C:\\Users\\PC\\Desktop\\fruit\\Gesture-Powered-Virtual-Game-Control\\gaze_data\\user_1'}
2026-05-09 23:43:06  === gaze_session end (0 samples) ===

=== gaze_session start 2026-05-09 23:43:38 user=1 camera=0 (Windows: DSHOW/MSMF order per gaze_opencv_dshow_first; native res unless gaze_capture_* set) ===
2026-05-09 23:43:38  [GazeCLI] Recording user 1 on camera 0.
2026-05-09 23:43:38  [GazeCLI] Debug log file: C:\Users\PC\Desktop\fruit\Gesture-Powered-Virtual-Game-Control\gaze_data/gaze_session.log
2026-05-09 23:43:38  [Gaze] Started session for user 1.
2026-05-09 23:43:38  GAZE_STATUS FAIL capture
2026-05-09 23:43:38  [Gaze] Capture stopped after error: No module named 'gaze_tracking'
2026-05-09 23:43:38  [Gaze] Stopped session for user 1 (0 samples).
2026-05-09 23:43:38  [GazeCLI] Saved: {'sample_count': 0, 'heatmap_created': False, 'layout_created': False, 'user_dir': 'C:\\Users\\PC\\Desktop\\fruit\\Gesture-Powered-Virtual-Game-Control\\gaze_data\\user_1'}
2026-05-09 23:43:38  === gaze_session end (0 samples) ===

=== gaze_session start 2026-05-09 23:43:40 user=1 camera=0 (Windows: DSHOW/MSMF order per gaze_opencv_dshow_first; native res unless gaze_capture_* set) ===
2026-05-09 23:43:40  [GazeCLI] Recording user 1 on camera 0.
2026-05-09 23:43:40  [GazeCLI] Debug log file: C:\Users\PC\Desktop\fruit\Gesture-Powered-Virtual-Game-Control\gaze_data/gaze_session.log
2026-05-09 23:43:40  [Gaze] Started session for user 1.
2026-05-09 23:43:41  GAZE_STATUS FAIL capture
2026-05-09 23:43:41  [Gaze] Capture stopped after error: No module named 'gaze_tracking'
2026-05-09 23:43:41  [Gaze] Stopped session for user 1 (0 samples).
2026-05-09 23:43:41  [GazeCLI] Saved: {'sample_count': 0, 'heatmap_created': False, 'layout_created': False, 'user_dir': 'C:\\Users\\PC\\Desktop\\fruit\\Gesture-Powered-Virtual-Game-Control\\gaze_data\\user_1'}
2026-05-09 23:43:41  === gaze_session end (0 samples) ===

=== gaze_session start 2026-05-09 23:44:48 user=1 camera=0 (Windows: DSHOW/MSMF order per gaze_opencv_dshow_first; native res unless gaze_capture_* set) ===
2026-05-09 23:44:48  [GazeCLI] Recording user 1 on camera 0.
2026-05-09 23:44:48  [GazeCLI] Debug log file: C:\Users\PC\Desktop\fruit\Gesture-Powered-Virtual-Game-Control\gaze_data/gaze_session.log
2026-05-09 23:44:48  [Gaze] Started session for user 1.
2026-05-09 23:44:48  GAZE_STATUS FAIL capture
2026-05-09 23:44:48  [Gaze] Capture stopped after error: No module named 'gaze_tracking'
2026-05-09 23:44:48  [Gaze] Stopped session for user 1 (0 samples).
2026-05-09 23:44:48  [GazeCLI] Saved: {'sample_count': 0, 'heatmap_created': False, 'layout_created': False, 'user_dir': 'C:\\Users\\PC\\Desktop\\fruit\\Gesture-Powered-Virtual-Game-Control\\gaze_data\\user_1'}
2026-05-09 23:44:48  === gaze_session end (0 samples) ===

=== gaze_session start 2026-05-10 02:01:46 user=55 camera=0 (Windows: DSHOW/MSMF order per gaze_opencv_dshow_first; native res unless gaze_capture_* set) ===
2026-05-10 02:01:46  [GazeCLI] Recording user 55 on camera 0.
2026-05-10 02:01:46  [GazeCLI] Debug log file: C:\Users\LENOVO\Desktop\HCI Project\Gesture-Powered-Virtual-Game-Control\gaze_data/gaze_session.log
2026-05-10 02:01:46  [Gaze] Started session for user 55.
2026-05-10 02:01:46  GAZE_STATUS FAIL capture
2026-05-10 02:01:46  [Gaze] Capture stopped after error: No module named 'gaze_tracking'
2026-05-10 02:01:57  [Gaze] Stopped session for user 55 (0 samples).
2026-05-10 02:01:57  [GazeCLI] Saved: {'sample_count': 0, 'heatmap_created': False, 'layout_created': False, 'user_dir': 'C:\\Users\\LENOVO\\Desktop\\HCI Project\\Gesture-Powered-Virtual-Game-Control\\gaze_data\\user_55'}
2026-05-10 02:01:57  === gaze_session end (0 samples) ===

=== gaze_session start 2026-05-10 02:09:22 user=55 camera=0 (Windows: DSHOW/MSMF order per gaze_opencv_dshow_first; native res unless gaze_capture_* set) ===
2026-05-10 02:09:22  [GazeCLI] Recording user 55 on camera 0.
2026-05-10 02:09:22  [GazeCLI] Debug log file: C:\Users\LENOVO\Desktop\HCI Project\Gesture-Powered-Virtual-Game-Control\gaze_data/gaze_session.log
2026-05-10 02:09:22  [Gaze] Started session for user 55.
2026-05-10 02:09:22  GAZE_STATUS FAIL capture
2026-05-10 02:09:22  [Gaze] Capture stopped after error: No module named 'gaze_tracking'
2026-05-10 02:10:07  [Gaze] Stopped session for user 55 (0 samples).
2026-05-10 02:10:07  [GazeCLI] Saved: {'sample_count': 0, 'heatmap_created': False, 'layout_created': False, 'user_dir': 'C:\\Users\\LENOVO\\Desktop\\HCI Project\\Gesture-Powered-Virtual-Game-Control\\gaze_data\\user_55'}
2026-05-10 02:10:07  === gaze_session end (0 samples) ===

=== gaze_session start 2026-05-13 15:09:54 user=2 camera=0 (Windows: DSHOW/MSMF order per gaze_opencv_dshow_first; native res unless gaze_capture_* set) ===
2026-05-13 15:09:54  [GazeCLI] Recording user 2 on camera 0.
2026-05-13 15:09:54  [GazeCLI] Debug log file: D:\Code\HCI PROJ UI\gaze_data/gaze_session.log
2026-05-13 15:09:54  [Gaze] Started session for user 2.
2026-05-13 15:09:57  [Gaze] Opened camera index 0 (CAP_MSMF) at 640×480, frames OK.
2026-05-13 15:09:57  GAZE_STATUS CAMERA_OK
2026-05-13 15:09:57  [Gaze] External OpenCV preview running (separate process from sidecar/GUI).
2026-05-13 15:09:57  [Gaze] gaze_mirror_horizontal on — frames flipped before tracking to match screen left/right.
2026-05-13 15:10:03  GAZE_STATUS HINT no_pupils_face_the_camera_check_lighting
2026-05-13 15:14:03  [Gaze] Stopped session for user 2 (0 samples).
2026-05-13 15:14:03  [GazeCLI] Saved: {'sample_count': 0, 'heatmap_created': False, 'layout_created': False, 'user_dir': 'D:\\Code\\HCI PROJ UI\\gaze_data\\user_2'}
2026-05-13 15:14:03  === gaze_session end (0 samples) ===

=== gaze_session start 2026-05-13 15:16:23 user=2 camera=2 (Windows: DSHOW/MSMF order per gaze_opencv_dshow_first; native res unless gaze_capture_* set) ===
2026-05-13 15:16:23  [GazeCLI] Recording user 2 on camera 2.
2026-05-13 15:16:23  [GazeCLI] Debug log file: D:\Code\HCI PROJ UI\gaze_data/gaze_session.log
2026-05-13 15:16:23  [Gaze] Started session for user 2.
2026-05-13 15:16:25  [Gaze] Opened camera index 2 (CAP_DSHOW) at 1920×1080, frames OK.
2026-05-13 15:16:25  GAZE_STATUS CAMERA_OK
2026-05-13 15:16:25  [Gaze] External OpenCV preview running (separate process from sidecar/GUI).
2026-05-13 15:16:25  [Gaze] gaze_mirror_horizontal on — frames flipped before tracking to match screen left/right.
2026-05-13 15:16:26  GAZE_STATUS PUPILS
2026-05-13 15:16:26  GAZE_STATUS SAMPLES 1
2026-05-13 15:16:26  GAZE_STATUS PUPILS
2026-05-13 15:16:27  GAZE_STATUS PUPILS
2026-05-13 15:16:30  GAZE_STATUS PUPILS
2026-05-13 15:16:30  GAZE_STATUS SAMPLES 5
2026-05-13 15:16:30  GAZE_STATUS PUPILS
2026-05-13 15:16:31  GAZE_STATUS PUPILS
2026-05-13 15:16:31  GAZE_STATUS SAMPLES 10
2026-05-13 15:16:32  GAZE_STATUS PUPILS
2026-05-13 15:16:32  GAZE_STATUS PUPILS
2026-05-13 15:16:33  GAZE_STATUS PUPILS
2026-05-13 15:16:33  GAZE_STATUS SAMPLES 15
2026-05-13 15:16:34  GAZE_STATUS PUPILS
2026-05-13 15:16:34  GAZE_STATUS PUPILS
2026-05-13 15:16:35  GAZE_STATUS PUPILS
2026-05-13 15:16:35  GAZE_STATUS SAMPLES 20
2026-05-13 15:16:36  GAZE_STATUS PUPILS
2026-05-13 15:16:36  GAZE_STATUS PUPILS
2026-05-13 15:16:37  GAZE_STATUS PUPILS
2026-05-13 15:16:37  GAZE_STATUS SAMPLES 25
2026-05-13 15:16:37  GAZE_STATUS PUPILS
2026-05-13 15:16:38  GAZE_STATUS PUPILS
2026-05-13 15:16:39  GAZE_STATUS PUPILS
2026-05-13 15:16:39  GAZE_STATUS SAMPLES 30
2026-05-13 15:16:39  GAZE_STATUS PUPILS
2026-05-13 15:16:40  GAZE_STATUS PUPILS
2026-05-13 15:16:40  GAZE_STATUS SAMPLES 35
2026-05-13 15:16:41  GAZE_STATUS PUPILS
2026-05-13 15:16:41  GAZE_STATUS PUPILS
2026-05-13 15:16:42  GAZE_STATUS PUPILS
2026-05-13 15:16:43  GAZE_STATUS SAMPLES 40
2026-05-13 15:16:43  GAZE_STATUS PUPILS
2026-05-13 15:16:44  GAZE_STATUS PUPILS
2026-05-13 15:16:44  GAZE_STATUS PUPILS
2026-05-13 15:16:44  GAZE_STATUS SAMPLES 45
2026-05-13 15:16:45  GAZE_STATUS PUPILS
2026-05-13 15:16:46  GAZE_STATUS PUPILS
2026-05-13 15:16:46  GAZE_STATUS PUPILS
2026-05-13 15:16:46  GAZE_STATUS SAMPLES 50
2026-05-13 15:16:47  GAZE_STATUS PUPILS
2026-05-13 15:16:47  GAZE_STATUS PUPILS
2026-05-13 15:16:47  GAZE_STATUS PUPILS
2026-05-13 15:16:48  GAZE_STATUS PUPILS
2026-05-13 15:16:48  GAZE_STATUS SAMPLES 55
2026-05-13 15:16:48  GAZE_STATUS PUPILS
2026-05-13 15:16:49  GAZE_STATUS PUPILS
2026-05-13 15:16:49  GAZE_STATUS PUPILS
2026-05-13 15:16:50  GAZE_STATUS PUPILS
2026-05-13 15:16:50  GAZE_STATUS PUPILS
2026-05-13 15:16:50  GAZE_STATUS SAMPLES 60
2026-05-13 15:16:50  GAZE_STATUS PUPILS
2026-05-13 15:16:51  GAZE_STATUS PUPILS
2026-05-13 15:16:51  GAZE_STATUS PUPILS
2026-05-13 15:16:52  GAZE_STATUS PUPILS
2026-05-13 15:16:52  GAZE_STATUS PUPILS
2026-05-13 15:16:52  GAZE_STATUS SAMPLES 65
2026-05-13 15:16:53  GAZE_STATUS PUPILS
2026-05-13 15:16:53  GAZE_STATUS PUPILS
2026-05-13 15:16:53  GAZE_STATUS PUPILS
2026-05-13 15:16:54  GAZE_STATUS PUPILS
2026-05-13 15:16:54  GAZE_STATUS PUPILS
2026-05-13 15:16:54  GAZE_STATUS SAMPLES 70
2026-05-13 15:16:55  GAZE_STATUS PUPILS
2026-05-13 15:16:56  GAZE_STATUS PUPILS
2026-05-13 15:16:56  GAZE_STATUS SAMPLES 75
2026-05-13 15:16:56  [Gaze] Stopped session for user 2 (75 samples).

=== gaze_session start 2026-05-13 15:17:09 user=2 camera=2 (Windows: DSHOW/MSMF order per gaze_opencv_dshow_first; native res unless gaze_capture_* set) ===
2026-05-13 15:17:09  [GazeCLI] Recording user 2 on camera 2.
2026-05-13 15:17:09  [GazeCLI] Debug log file: D:\Code\HCI PROJ UI\gaze_data/gaze_session.log
2026-05-13 15:17:09  [Gaze] Started session for user 2.
2026-05-13 15:17:12  [Gaze] Opened camera index 2 (CAP_DSHOW) at 1920×1080, frames OK.
2026-05-13 15:17:12  GAZE_STATUS CAMERA_OK
2026-05-13 15:17:12  [Gaze] External OpenCV preview running (separate process from sidecar/GUI).
2026-05-13 15:17:12  [Gaze] gaze_mirror_horizontal on — frames flipped before tracking to match screen left/right.
2026-05-13 15:17:12  GAZE_STATUS PUPILS
2026-05-13 15:17:12  GAZE_STATUS SAMPLES 1
2026-05-13 15:17:13  GAZE_STATUS PUPILS
2026-05-13 15:17:13  GAZE_STATUS PUPILS
2026-05-13 15:17:14  GAZE_STATUS PUPILS
2026-05-13 15:17:14  GAZE_STATUS SAMPLES 5
2026-05-13 15:17:14  GAZE_STATUS PUPILS
2026-05-13 15:17:15  GAZE_STATUS PUPILS
2026-05-13 15:17:15  GAZE_STATUS SAMPLES 10
2026-05-13 15:17:16  GAZE_STATUS PUPILS
2026-05-13 15:17:16  GAZE_STATUS PUPILS
2026-05-13 15:17:16  GAZE_STATUS PUPILS
2026-05-13 15:17:17  GAZE_STATUS PUPILS
2026-05-13 15:17:17  GAZE_STATUS SAMPLES 15
2026-05-13 15:17:17  GAZE_STATUS PUPILS
2026-05-13 15:17:18  GAZE_STATUS PUPILS
2026-05-13 15:17:19  GAZE_STATUS PUPILS
2026-05-13 15:17:19  GAZE_STATUS SAMPLES 20
2026-05-13 15:17:19  GAZE_STATUS PUPILS
2026-05-13 15:17:20  GAZE_STATUS PUPILS
2026-05-13 15:17:20  GAZE_STATUS SAMPLES 25
2026-05-13 15:17:21  GAZE_STATUS PUPILS
2026-05-13 15:17:21  GAZE_STATUS PUPILS
2026-05-13 15:17:22  GAZE_STATUS PUPILS
2026-05-13 15:17:22  GAZE_STATUS PUPILS
2026-05-13 15:17:22  GAZE_STATUS SAMPLES 30
2026-05-13 15:17:23  GAZE_STATUS PUPILS
2026-05-13 15:17:24  GAZE_STATUS PUPILS
2026-05-13 15:17:24  GAZE_STATUS PUPILS
2026-05-13 15:17:24  GAZE_STATUS SAMPLES 35
2026-05-13 15:17:25  GAZE_STATUS PUPILS
2026-05-13 15:17:25  GAZE_STATUS PUPILS
2026-05-13 15:17:26  GAZE_STATUS SAMPLES 40
2026-05-13 15:17:26  GAZE_STATUS PUPILS
2026-05-13 15:17:27  GAZE_STATUS PUPILS
2026-05-13 15:17:27  GAZE_STATUS PUPILS
2026-05-13 15:17:27  GAZE_STATUS PUPILS
2026-05-13 15:17:27  GAZE_STATUS SAMPLES 45
2026-05-13 15:17:28  GAZE_STATUS PUPILS
2026-05-13 15:17:29  GAZE_STATUS PUPILS
2026-05-13 15:17:29  GAZE_STATUS SAMPLES 50
2026-05-13 15:17:29  GAZE_STATUS PUPILS
2026-05-13 15:17:30  GAZE_STATUS PUPILS
2026-05-13 15:17:31  [Gaze] Stopped session for user 2 (54 samples).

=== gaze_session start 2026-05-13 15:17:43 user=3 camera=2 (Windows: DSHOW/MSMF order per gaze_opencv_dshow_first; native res unless gaze_capture_* set) ===
2026-05-13 15:17:43  [GazeCLI] Recording user 3 on camera 2.
2026-05-13 15:17:43  [GazeCLI] Debug log file: D:\Code\HCI PROJ UI\gaze_data/gaze_session.log
2026-05-13 15:17:43  [Gaze] Started session for user 3.
2026-05-13 15:17:45  [Gaze] Stopped session for user 3 (0 samples).
2026-05-13 15:17:45  [GazeCLI] Saved: {'sample_count': 0, 'heatmap_created': False, 'layout_created': False, 'user_dir': 'D:\\Code\\HCI PROJ UI\\gaze_data\\user_3'}
2026-05-13 15:17:45  === gaze_session end (0 samples) ===

=== gaze_session start 2026-05-13 15:17:49 user=2 camera=2 (Windows: DSHOW/MSMF order per gaze_opencv_dshow_first; native res unless gaze_capture_* set) ===
2026-05-13 15:17:49  [GazeCLI] Recording user 2 on camera 2.
2026-05-13 15:17:49  [GazeCLI] Debug log file: D:\Code\HCI PROJ UI\gaze_data/gaze_session.log
2026-05-13 15:17:49  [Gaze] Started session for user 2.
2026-05-13 15:17:52  [Gaze] Opened camera index 2 (CAP_DSHOW) at 1920×1080, frames OK.
2026-05-13 15:17:52  GAZE_STATUS CAMERA_OK
2026-05-13 15:17:52  [Gaze] External OpenCV preview running (separate process from sidecar/GUI).
2026-05-13 15:17:52  [Gaze] gaze_mirror_horizontal on — frames flipped before tracking to match screen left/right.
2026-05-13 15:17:52  GAZE_STATUS PUPILS
2026-05-13 15:17:52  GAZE_STATUS SAMPLES 1
2026-05-13 15:17:53  GAZE_STATUS PUPILS
2026-05-13 15:17:53  GAZE_STATUS PUPILS
2026-05-13 15:17:53  GAZE_STATUS SAMPLES 5
2026-05-13 15:17:54  GAZE_STATUS PUPILS
2026-05-13 15:17:54  GAZE_STATUS PUPILS
2026-05-13 15:17:55  GAZE_STATUS PUPILS
2026-05-13 15:17:55  GAZE_STATUS PUPILS
2026-05-13 15:17:55  GAZE_STATUS SAMPLES 10
2026-05-13 15:17:55  GAZE_STATUS PUPILS
2026-05-13 15:17:56  GAZE_STATUS PUPILS
2026-05-13 15:17:56  GAZE_STATUS PUPILS
2026-05-13 15:17:57  GAZE_STATUS PUPILS
2026-05-13 15:17:57  GAZE_STATUS PUPILS
2026-05-13 15:17:57  GAZE_STATUS SAMPLES 15
2026-05-13 15:17:58  GAZE_STATUS PUPILS
2026-05-13 15:17:58  GAZE_STATUS PUPILS
2026-05-13 15:17:59  GAZE_STATUS SAMPLES 20
2026-05-13 15:17:59  GAZE_STATUS PUPILS
2026-05-13 15:18:00  GAZE_STATUS PUPILS
2026-05-13 15:18:00  GAZE_STATUS PUPILS
2026-05-13 15:18:00  GAZE_STATUS SAMPLES 25
2026-05-13 15:18:01  GAZE_STATUS PUPILS
2026-05-13 15:18:01  GAZE_STATUS PUPILS
2026-05-13 15:18:02  GAZE_STATUS PUPILS
2026-05-13 15:18:02  GAZE_STATUS SAMPLES 30
2026-05-13 15:18:02  GAZE_STATUS PUPILS
2026-05-13 15:18:03  GAZE_STATUS PUPILS
2026-05-13 15:18:04  GAZE_STATUS PUPILS
2026-05-13 15:18:04  GAZE_STATUS SAMPLES 35
2026-05-13 15:18:04  GAZE_STATUS PUPILS
2026-05-13 15:18:05  GAZE_STATUS PUPILS
2026-05-13 15:18:05  GAZE_STATUS PUPILS
2026-05-13 15:18:05  GAZE_STATUS SAMPLES 40
2026-05-13 15:18:06  GAZE_STATUS PUPILS
2026-05-13 15:18:06  GAZE_STATUS PUPILS
2026-05-13 15:18:07  GAZE_STATUS PUPILS
2026-05-13 15:18:07  GAZE_STATUS SAMPLES 45
2026-05-13 15:18:08  GAZE_STATUS PUPILS
2026-05-13 15:18:08  GAZE_STATUS PUPILS
2026-05-13 15:18:09  GAZE_STATUS PUPILS
2026-05-13 15:18:09  GAZE_STATUS SAMPLES 50
2026-05-13 15:18:10  GAZE_STATUS PUPILS
2026-05-13 15:18:10  GAZE_STATUS PUPILS
2026-05-13 15:18:11  GAZE_STATUS SAMPLES 55
2026-05-13 15:18:11  GAZE_STATUS PUPILS
2026-05-13 15:18:11  GAZE_STATUS PUPILS
2026-05-13 15:18:12  GAZE_STATUS PUPILS
2026-05-13 15:18:12  GAZE_STATUS PUPILS
2026-05-13 15:18:12  GAZE_STATUS SAMPLES 60
2026-05-13 15:18:13  GAZE_STATUS PUPILS
2026-05-13 15:18:13  GAZE_STATUS PUPILS
2026-05-13 15:18:13  GAZE_STATUS PUPILS
2026-05-13 15:18:14  GAZE_STATUS PUPILS
2026-05-13 15:18:14  GAZE_STATUS SAMPLES 65
2026-05-13 15:18:14  GAZE_STATUS PUPILS
2026-05-13 15:18:15  GAZE_STATUS PUPILS
2026-05-13 15:18:16  GAZE_STATUS PUPILS
2026-05-13 15:18:16  GAZE_STATUS SAMPLES 70
2026-05-13 15:18:17  GAZE_STATUS PUPILS
2026-05-13 15:18:17  GAZE_STATUS PUPILS
2026-05-13 15:18:18  GAZE_STATUS SAMPLES 75
2026-05-13 15:18:18  GAZE_STATUS PUPILS
2026-05-13 15:18:18  GAZE_STATUS PUPILS
2026-05-13 15:18:19  GAZE_STATUS PUPILS
2026-05-13 15:18:19  GAZE_STATUS PUPILS
2026-05-13 15:18:19  GAZE_STATUS SAMPLES 80
2026-05-13 15:18:20  GAZE_STATUS PUPILS
2026-05-13 15:18:20  GAZE_STATUS PUPILS
2026-05-13 15:18:21  GAZE_STATUS PUPILS
2026-05-13 15:18:21  GAZE_STATUS PUPILS
2026-05-13 15:18:21  GAZE_STATUS SAMPLES 85
2026-05-13 15:18:21  GAZE_STATUS PUPILS
2026-05-13 15:18:22  GAZE_STATUS PUPILS
2026-05-13 15:18:22  GAZE_STATUS PUPILS
2026-05-13 15:18:23  GAZE_STATUS PUPILS
2026-05-13 15:18:23  GAZE_STATUS SAMPLES 90
2026-05-13 15:18:24  GAZE_STATUS PUPILS
2026-05-13 15:18:24  GAZE_STATUS PUPILS
2026-05-13 15:18:25  GAZE_STATUS SAMPLES 95
2026-05-13 15:18:25  GAZE_STATUS PUPILS
2026-05-13 15:18:26  GAZE_STATUS PUPILS
2026-05-13 15:18:26  GAZE_STATUS PUPILS
2026-05-13 15:18:26  GAZE_STATUS SAMPLES 100
2026-05-13 15:18:27  [Gaze] Stopped session for user 2 (101 samples).
2026-05-13 15:18:30  [GazeCLI] Saved: {'sample_count': 101, 'heatmap_created': True, 'layout_created': True, 'user_dir': 'D:\\Code\\HCI PROJ UI\\gaze_data\\user_2'}
2026-05-13 15:18:30  === gaze_session end (101 samples) ===

=== gaze_session start 2026-05-13 15:18:35 user=2 camera=2 (Windows: DSHOW/MSMF order per gaze_opencv_dshow_first; native res unless gaze_capture_* set) ===
2026-05-13 15:18:35  [GazeCLI] Recording user 2 on camera 2.
2026-05-13 15:18:35  [GazeCLI] Debug log file: D:\Code\HCI PROJ UI\gaze_data/gaze_session.log
2026-05-13 15:18:35  [Gaze] Started session for user 2.
2026-05-13 15:18:38  [Gaze] Opened camera index 2 (CAP_DSHOW) at 1920×1080, frames OK.
2026-05-13 15:18:38  GAZE_STATUS CAMERA_OK
2026-05-13 15:18:38  [Gaze] External OpenCV preview running (separate process from sidecar/GUI).
2026-05-13 15:18:38  [Gaze] gaze_mirror_horizontal on — frames flipped before tracking to match screen left/right.
2026-05-13 15:18:38  GAZE_STATUS PUPILS
2026-05-13 15:18:38  GAZE_STATUS SAMPLES 1
2026-05-13 15:18:39  GAZE_STATUS PUPILS
2026-05-13 15:18:40  GAZE_STATUS PUPILS
2026-05-13 15:18:40  [Gaze] Stopped session for user 2 (4 samples).
2026-05-13 15:18:42  [GazeCLI] Saved: {'sample_count': 4, 'heatmap_created': True, 'layout_created': False, 'user_dir': 'D:\\Code\\HCI PROJ UI\\gaze_data\\user_2'}
2026-05-13 15:18:42  === gaze_session end (4 samples) ===

=== gaze_session start 2026-05-13 15:21:02 user=3 camera=2 (Windows: DSHOW/MSMF order per gaze_opencv_dshow_first; native res unless gaze_capture_* set) ===
2026-05-13 15:21:02  [GazeCLI] Recording user 3 on camera 2.
2026-05-13 15:21:02  [GazeCLI] Debug log file: D:\Code\HCI PROJ UI\gaze_data/gaze_session.log
2026-05-13 15:21:02  [Gaze] Started session for user 3.
2026-05-13 15:21:04  [Gaze] Opened camera index 2 (CAP_DSHOW) at 1920×1080, frames OK.
2026-05-13 15:21:04  GAZE_STATUS CAMERA_OK
2026-05-13 15:21:04  [Gaze] External OpenCV preview running (separate process from sidecar/GUI).
2026-05-13 15:21:04  [Gaze] gaze_mirror_horizontal on — frames flipped before tracking to match screen left/right.
2026-05-13 15:21:05  GAZE_STATUS PUPILS
2026-05-13 15:21:05  GAZE_STATUS SAMPLES 1
2026-05-13 15:21:05  GAZE_STATUS PUPILS
2026-05-13 15:21:05  GAZE_STATUS PUPILS
2026-05-13 15:21:06  GAZE_STATUS PUPILS
2026-05-13 15:21:06  GAZE_STATUS SAMPLES 5
2026-05-13 15:21:06  GAZE_STATUS PUPILS
2026-05-13 15:21:07  GAZE_STATUS PUPILS
2026-05-13 15:21:07  GAZE_STATUS PUPILS
2026-05-13 15:21:08  GAZE_STATUS PUPILS
2026-05-13 15:21:08  GAZE_STATUS SAMPLES 10
2026-05-13 15:21:08  GAZE_STATUS PUPILS
2026-05-13 15:21:09  GAZE_STATUS PUPILS
2026-05-13 15:21:09  GAZE_STATUS PUPILS
2026-05-13 15:21:10  GAZE_STATUS PUPILS
2026-05-13 15:21:10  GAZE_STATUS SAMPLES 15
2026-05-13 15:21:10  GAZE_STATUS PUPILS
2026-05-13 15:21:11  GAZE_STATUS PUPILS
2026-05-13 15:21:11  GAZE_STATUS PUPILS
2026-05-13 15:21:12  GAZE_STATUS PUPILS
2026-05-13 15:21:13  GAZE_STATUS PUPILS
2026-05-13 15:21:13  GAZE_STATUS SAMPLES 20
2026-05-13 15:21:13  GAZE_STATUS PUPILS
2026-05-13 15:21:14  [Gaze] Stopped session for user 3 (22 samples).
2026-05-13 15:21:16  [GazeCLI] Saved: {'sample_count': 22, 'heatmap_created': True, 'layout_created': False, 'user_dir': 'D:\\Code\\HCI PROJ UI\\gaze_data\\user_3'}
2026-05-13 15:21:16  === gaze_session end (22 samples) ===

=== gaze_session start 2026-05-13 15:23:20 user=3 camera=2 (Windows: DSHOW/MSMF order per gaze_opencv_dshow_first; native res unless gaze_capture_* set) ===
2026-05-13 15:23:20  [GazeCLI] Recording user 3 on camera 2.
2026-05-13 15:23:20  [GazeCLI] Debug log file: D:\Code\HCI PROJ UI\gaze_data/gaze_session.log
2026-05-13 15:23:20  [Gaze] Started session for user 3.
2026-05-13 15:23:23  [Gaze] Opened camera index 2 (CAP_DSHOW) at 1920×1080, frames OK.
2026-05-13 15:23:23  GAZE_STATUS CAMERA_OK
2026-05-13 15:23:23  [Gaze] External OpenCV preview running (separate process from sidecar/GUI).
2026-05-13 15:23:23  [Gaze] gaze_mirror_horizontal on — frames flipped before tracking to match screen left/right.
2026-05-13 15:23:23  GAZE_STATUS PUPILS
2026-05-13 15:23:23  GAZE_STATUS SAMPLES 1
2026-05-13 15:23:24  GAZE_STATUS PUPILS
2026-05-13 15:23:24  GAZE_STATUS PUPILS
2026-05-13 15:23:25  GAZE_STATUS PUPILS
2026-05-13 15:23:25  GAZE_STATUS SAMPLES 5
2026-05-13 15:23:26  GAZE_STATUS PUPILS
2026-05-13 15:23:26  GAZE_STATUS PUPILS
2026-05-13 15:23:27  GAZE_STATUS PUPILS
2026-05-13 15:23:27  GAZE_STATUS SAMPLES 10
2026-05-13 15:23:27  GAZE_STATUS PUPILS
2026-05-13 15:23:28  GAZE_STATUS PUPILS
2026-05-13 15:23:28  GAZE_STATUS PUPILS
2026-05-13 15:23:29  GAZE_STATUS SAMPLES 15
2026-05-13 15:23:29  GAZE_STATUS PUPILS
2026-05-13 15:23:30  GAZE_STATUS PUPILS
2026-05-13 15:23:30  [Gaze] Stopped session for user 3 (19 samples).
2026-05-13 15:23:33  [GazeCLI] Saved: {'sample_count': 19, 'heatmap_created': True, 'layout_created': False, 'user_dir': 'D:\\Code\\HCI PROJ UI\\gaze_data\\user_3'}
2026-05-13 15:23:33  === gaze_session end (19 samples) ===

=== gaze_session start 2026-05-13 15:29:50 user=3 camera=2 (Windows: DSHOW/MSMF order per gaze_opencv_dshow_first; native res unless gaze_capture_* set) ===
2026-05-13 15:29:50  [GazeCLI] Recording user 3 on camera 2.
2026-05-13 15:29:50  [GazeCLI] Debug log file: D:\Code\HCI PROJ UI\gaze_data/gaze_session.log
2026-05-13 15:29:50  [Gaze] Started session for user 3.
2026-05-13 15:29:52  [Gaze] Stopped session for user 3 (0 samples).
2026-05-13 15:29:52  [GazeCLI] Saved: {'sample_count': 0, 'heatmap_created': False, 'layout_created': False, 'user_dir': 'D:\\Code\\HCI PROJ UI\\gaze_data\\user_3'}
2026-05-13 15:29:52  === gaze_session end (0 samples) ===

=== gaze_session start 2026-05-13 15:40:04 user=2 camera=2 (Windows: DSHOW/MSMF order per gaze_opencv_dshow_first; native res unless gaze_capture_* set) ===
2026-05-13 15:40:04  [GazeCLI] Recording user 2 on camera 2.
2026-05-13 15:40:04  [GazeCLI] Debug log file: D:\Code\HCI PROJ UI\gaze_data/gaze_session.log
2026-05-13 15:40:04  [Gaze] Started session for user 2.
2026-05-13 15:40:06  [Gaze] Stopped session for user 2 (0 samples).
2026-05-13 15:40:06  [GazeCLI] Saved: {'sample_count': 0, 'heatmap_created': False, 'layout_created': False, 'user_dir': 'D:\\Code\\HCI PROJ UI\\gaze_data\\user_2'}
2026-05-13 15:40:06  === gaze_session end (0 samples) ===

=== gaze_session start 2026-05-13 15:40:33 user=2 camera=2 (Windows: DSHOW/MSMF order per gaze_opencv_dshow_first; native res unless gaze_capture_* set) ===
2026-05-13 15:40:33  [GazeCLI] Recording user 2 on camera 2.
2026-05-13 15:40:33  [GazeCLI] Debug log file: D:\Code\HCI PROJ UI\gaze_data/gaze_session.log
2026-05-13 15:40:33  [Gaze] Started session for user 2.
2026-05-13 15:40:36  [Gaze] Stopped session for user 2 (0 samples).
2026-05-13 15:40:36  [GazeCLI] Saved: {'sample_count': 0, 'heatmap_created': False, 'layout_created': False, 'user_dir': 'D:\\Code\\HCI PROJ UI\\gaze_data\\user_2'}
2026-05-13 15:40:36  === gaze_session end (0 samples) ===

=== gaze_session start 2026-05-13 15:42:15 user=2 camera=2 (Windows: DSHOW/MSMF order per gaze_opencv_dshow_first; native res unless gaze_capture_* set) ===
2026-05-13 15:42:15  [GazeCLI] Recording user 2 on camera 2.
2026-05-13 15:42:15  [GazeCLI] Debug log file: D:\Code\HCI PROJ UI\gaze_data/gaze_session.log
2026-05-13 15:42:15  [Gaze] Started session for user 2.
2026-05-13 15:42:17  [Gaze] Opened camera index 2 (CAP_DSHOW) at 1920×1080, frames OK.
2026-05-13 15:42:17  GAZE_STATUS CAMERA_OK
2026-05-13 15:42:17  [Gaze] External OpenCV preview running (separate process from sidecar/GUI).
2026-05-13 15:42:17  [Gaze] gaze_mirror_horizontal on — frames flipped before tracking to match screen left/right.
2026-05-13 15:42:18  GAZE_STATUS PUPILS
2026-05-13 15:42:18  GAZE_STATUS SAMPLES 1
2026-05-13 15:42:19  GAZE_STATUS PUPILS
2026-05-13 15:42:20  GAZE_STATUS PUPILS
2026-05-13 15:42:21  GAZE_STATUS PUPILS
2026-05-13 15:42:21  GAZE_STATUS SAMPLES 5
2026-05-13 15:42:21  GAZE_STATUS PUPILS
2026-05-13 15:42:22  GAZE_STATUS PUPILS
2026-05-13 15:42:22  GAZE_STATUS PUPILS
2026-05-13 15:42:23  GAZE_STATUS PUPILS
2026-05-13 15:42:23  GAZE_STATUS SAMPLES 10
2026-05-13 15:42:23  GAZE_STATUS PUPILS
2026-05-13 15:42:24  GAZE_STATUS PUPILS
2026-05-13 15:42:24  GAZE_STATUS PUPILS
2026-05-13 15:42:24  GAZE_STATUS SAMPLES 15
2026-05-13 15:42:28  GAZE_STATUS PUPILS
2026-05-13 15:42:29  GAZE_STATUS PUPILS
2026-05-13 15:42:30  GAZE_STATUS PUPILS
2026-05-13 15:42:32  GAZE_STATUS PUPILS
2026-05-13 15:42:47  GAZE_STATUS HINT no_pupils_face_the_camera_check_lighting
2026-05-13 15:42:48  GAZE_STATUS PUPILS
2026-05-13 15:42:48  GAZE_STATUS SAMPLES 20
2026-05-13 15:42:48  GAZE_STATUS PUPILS
2026-05-13 15:42:49  GAZE_STATUS PUPILS
2026-05-13 15:42:50  GAZE_STATUS PUPILS
2026-05-13 15:42:51  GAZE_STATUS PUPILS
2026-05-13 15:42:55  GAZE_STATUS PUPILS
2026-05-13 15:42:55  GAZE_STATUS SAMPLES 25
2026-05-13 15:42:55  GAZE_STATUS PUPILS
2026-05-13 15:42:56  GAZE_STATUS PUPILS
2026-05-13 15:42:56  GAZE_STATUS PUPILS
2026-05-13 15:42:57  GAZE_STATUS PUPILS
2026-05-13 15:42:57  GAZE_STATUS PUPILS
2026-05-13 15:42:57  GAZE_STATUS SAMPLES 30
2026-05-13 15:42:58  GAZE_STATUS PUPILS
2026-05-13 15:42:58  GAZE_STATUS PUPILS
2026-05-13 15:43:01  GAZE_STATUS PUPILS
2026-05-13 15:43:02  GAZE_STATUS PUPILS
2026-05-13 15:43:03  GAZE_STATUS PUPILS
2026-05-13 15:43:03  GAZE_STATUS SAMPLES 35
2026-05-13 15:43:03  GAZE_STATUS PUPILS
2026-05-13 15:43:04  GAZE_STATUS PUPILS
2026-05-13 15:43:05  GAZE_STATUS PUPILS
2026-05-13 15:43:05  GAZE_STATUS PUPILS
2026-05-13 15:43:06  GAZE_STATUS PUPILS
2026-05-13 15:43:06  GAZE_STATUS SAMPLES 40
2026-05-13 15:43:08  [Gaze] Stopped session for user 2 (41 samples).
2026-05-13 15:43:10  [GazeCLI] Saved: {'sample_count': 41, 'heatmap_created': True, 'layout_created': True, 'user_dir': 'D:\\Code\\HCI PROJ UI\\gaze_data\\user_2'}
2026-05-13 15:43:10  === gaze_session end (41 samples) ===

=== gaze_session start 2026-05-13 15:43:18 user=2 camera=2 (Windows: DSHOW/MSMF order per gaze_opencv_dshow_first; native res unless gaze_capture_* set) ===
2026-05-13 15:43:18  [GazeCLI] Recording user 2 on camera 2.
2026-05-13 15:43:18  [GazeCLI] Debug log file: D:\Code\HCI PROJ UI\gaze_data/gaze_session.log
2026-05-13 15:43:18  [Gaze] Started session for user 2.
2026-05-13 15:43:20  [Gaze] Opened camera index 2 (CAP_DSHOW) at 1920×1080, frames OK.
2026-05-13 15:43:20  GAZE_STATUS CAMERA_OK
2026-05-13 15:43:20  [Gaze] External OpenCV preview running (separate process from sidecar/GUI).
2026-05-13 15:43:20  [Gaze] gaze_mirror_horizontal on — frames flipped before tracking to match screen left/right.
2026-05-13 15:43:20  GAZE_STATUS PUPILS
2026-05-13 15:43:20  GAZE_STATUS SAMPLES 1
2026-05-13 15:43:21  GAZE_STATUS PUPILS
2026-05-13 15:43:21  GAZE_STATUS PUPILS
2026-05-13 15:43:22  GAZE_STATUS PUPILS
2026-05-13 15:43:22  GAZE_STATUS SAMPLES 5
2026-05-13 15:43:23  GAZE_STATUS PUPILS
2026-05-13 15:43:24  GAZE_STATUS PUPILS
2026-05-13 15:43:25  GAZE_STATUS PUPILS
2026-05-13 15:43:25  GAZE_STATUS SAMPLES 10
2026-05-13 15:43:25  GAZE_STATUS PUPILS
2026-05-13 15:43:25  GAZE_STATUS PUPILS
2026-05-13 15:43:26  GAZE_STATUS PUPILS
2026-05-13 15:43:26  GAZE_STATUS PUPILS
2026-05-13 15:43:27  GAZE_STATUS PUPILS
2026-05-13 15:43:27  GAZE_STATUS SAMPLES 15
2026-05-13 15:43:30  GAZE_STATUS PUPILS
2026-05-13 15:43:31  GAZE_STATUS PUPILS
2026-05-13 15:43:31  GAZE_STATUS PUPILS
2026-05-13 15:43:37  GAZE_STATUS PUPILS
2026-05-13 15:43:38  GAZE_STATUS PUPILS
2026-05-13 15:43:38  GAZE_STATUS SAMPLES 20
2026-05-13 15:43:38  GAZE_STATUS PUPILS
2026-05-13 15:43:39  GAZE_STATUS PUPILS
2026-05-13 15:43:48  GAZE_STATUS PUPILS
2026-05-13 15:43:49  GAZE_STATUS PUPILS
2026-05-13 15:43:49  GAZE_STATUS PUPILS
2026-05-13 15:43:49  GAZE_STATUS SAMPLES 25
2026-05-13 15:43:50  GAZE_STATUS PUPILS
2026-05-13 15:43:50  GAZE_STATUS PUPILS
2026-05-13 15:43:50  GAZE_STATUS PUPILS
2026-05-13 15:43:52  GAZE_STATUS PUPILS
2026-05-13 15:43:53  GAZE_STATUS PUPILS
2026-05-13 15:43:53  GAZE_STATUS SAMPLES 30
2026-05-13 15:43:53  GAZE_STATUS PUPILS
2026-05-13 15:43:53  GAZE_STATUS PUPILS
2026-05-13 15:43:54  GAZE_STATUS PUPILS
2026-05-13 15:43:54  GAZE_STATUS PUPILS
2026-05-13 15:43:55  GAZE_STATUS PUPILS
2026-05-13 15:43:55  GAZE_STATUS SAMPLES 35
2026-05-13 15:43:55  GAZE_STATUS PUPILS
2026-05-13 15:43:56  GAZE_STATUS PUPILS
2026-05-13 15:43:56  GAZE_STATUS PUPILS
2026-05-13 15:43:56  GAZE_STATUS PUPILS
2026-05-13 15:43:57  GAZE_STATUS PUPILS
2026-05-13 15:43:57  GAZE_STATUS SAMPLES 40
2026-05-13 15:43:57  GAZE_STATUS PUPILS
2026-05-13 15:43:58  GAZE_STATUS PUPILS
2026-05-13 15:43:58  GAZE_STATUS PUPILS
2026-05-13 15:43:58  GAZE_STATUS PUPILS
2026-05-13 15:43:59  GAZE_STATUS PUPILS
2026-05-13 15:43:59  GAZE_STATUS SAMPLES 45
2026-05-13 15:43:59  GAZE_STATUS PUPILS
2026-05-13 15:44:00  GAZE_STATUS PUPILS
2026-05-13 15:44:00  GAZE_STATUS PUPILS
2026-05-13 15:44:01  GAZE_STATUS PUPILS
2026-05-13 15:44:01  GAZE_STATUS SAMPLES 50
2026-05-13 15:44:02  GAZE_STATUS PUPILS
2026-05-13 15:44:03  GAZE_STATUS PUPILS
2026-05-13 15:44:03  GAZE_STATUS PUPILS
2026-05-13 15:44:03  GAZE_STATUS SAMPLES 55
2026-05-13 15:44:04  GAZE_STATUS PUPILS
2026-05-13 15:44:04  GAZE_STATUS PUPILS
2026-05-13 15:44:05  GAZE_STATUS PUPILS
2026-05-13 15:44:05  GAZE_STATUS PUPILS
2026-05-13 15:44:06  GAZE_STATUS PUPILS
2026-05-13 15:44:06  GAZE_STATUS SAMPLES 60
2026-05-13 15:44:06  GAZE_STATUS PUPILS
2026-05-13 15:44:07  GAZE_STATUS PUPILS
2026-05-13 15:44:07  GAZE_STATUS PUPILS
2026-05-13 15:44:08  GAZE_STATUS PUPILS
2026-05-13 15:44:08  GAZE_STATUS PUPILS
2026-05-13 15:44:08  GAZE_STATUS SAMPLES 65
2026-05-13 15:44:09  GAZE_STATUS PUPILS
2026-05-13 15:44:09  GAZE_STATUS PUPILS
2026-05-13 15:44:28  GAZE_STATUS HINT no_pupils_face_the_camera_check_lighting
2026-05-13 15:44:31  GAZE_STATUS PUPILS
2026-05-13 15:44:36  GAZE_STATUS PUPILS
2026-05-13 15:44:37  GAZE_STATUS PUPILS
2026-05-13 15:44:37  GAZE_STATUS SAMPLES 70
2026-05-13 15:44:37  GAZE_STATUS PUPILS
2026-05-13 15:44:37  GAZE_STATUS PUPILS
2026-05-13 15:44:38  GAZE_STATUS PUPILS
2026-05-13 15:44:38  GAZE_STATUS PUPILS
2026-05-13 15:44:39  GAZE_STATUS PUPILS
2026-05-13 15:44:39  GAZE_STATUS SAMPLES 75
2026-05-13 15:44:39  GAZE_STATUS PUPILS
2026-05-13 15:44:40  GAZE_STATUS PUPILS
2026-05-13 15:44:42  GAZE_STATUS PUPILS
2026-05-13 15:44:43  GAZE_STATUS PUPILS
2026-05-13 15:44:43  GAZE_STATUS PUPILS
2026-05-13 15:44:43  GAZE_STATUS SAMPLES 80
2026-05-13 15:44:43  GAZE_STATUS PUPILS
2026-05-13 15:44:44  GAZE_STATUS PUPILS
2026-05-13 15:44:44  GAZE_STATUS PUPILS
2026-05-13 15:44:49  GAZE_STATUS PUPILS
2026-05-13 15:44:50  GAZE_STATUS PUPILS
2026-05-13 15:44:50  GAZE_STATUS SAMPLES 85
2026-05-13 15:44:50  GAZE_STATUS PUPILS

=== gaze_session start 2026-05-16 19:49:24 user=1 camera=2 (Windows: DSHOW/MSMF order per gaze_opencv_dshow_first; native res unless gaze_capture_* set) ===
2026-05-16 19:49:24  [GazeCLI] Recording user 1 on camera 2.
2026-05-16 19:49:24  [GazeCLI] Debug log file: D:\Code\HCI PROJ UI\gaze_data/gaze_session.log
2026-05-16 19:49:24  [Gaze] Started session for user 1.
2026-05-16 19:49:27  [Gaze] Opened camera index 2 (CAP_DSHOW) at 1920×1080, frames OK.
2026-05-16 19:49:27  GAZE_STATUS CAMERA_OK
2026-05-16 19:49:27  [Gaze] External OpenCV preview running (separate process from sidecar/GUI).
2026-05-16 19:49:27  [Gaze] gaze_mirror_horizontal on — frames flipped before tracking to match screen left/right.
2026-05-16 19:49:28  GAZE_STATUS PUPILS
2026-05-16 19:49:28  GAZE_STATUS SAMPLES 1
2026-05-16 19:49:35  GAZE_STATUS PUPILS
2026-05-16 19:49:36  GAZE_STATUS PUPILS
2026-05-16 19:49:37  GAZE_STATUS PUPILS
2026-05-16 19:49:37  GAZE_STATUS SAMPLES 5
2026-05-16 19:49:37  GAZE_STATUS PUPILS
2026-05-16 19:49:38  GAZE_STATUS PUPILS
2026-05-16 19:49:38  GAZE_STATUS SAMPLES 10
2026-05-16 19:49:39  GAZE_STATUS PUPILS
2026-05-16 19:49:39  GAZE_STATUS PUPILS
2026-05-16 19:49:40  GAZE_STATUS PUPILS
2026-05-16 19:49:40  GAZE_STATUS SAMPLES 15
2026-05-16 19:49:40  GAZE_STATUS PUPILS
2026-05-16 19:49:41  GAZE_STATUS PUPILS
2026-05-16 19:49:41  GAZE_STATUS SAMPLES 20
2026-05-16 19:49:42  GAZE_STATUS PUPILS
2026-05-16 19:49:42  GAZE_STATUS PUPILS
2026-05-16 19:49:43  GAZE_STATUS PUPILS
2026-05-16 19:49:43  GAZE_STATUS SAMPLES 25
2026-05-16 19:49:44  GAZE_STATUS PUPILS
2026-05-16 19:49:44  GAZE_STATUS PUPILS
2026-05-16 19:49:45  GAZE_STATUS PUPILS
2026-05-16 19:49:45  GAZE_STATUS SAMPLES 30
2026-05-16 19:49:45  [Gaze] Stopped session for user 1 (30 samples).

=== gaze_session start 2026-05-16 19:55:23 user=1 camera=2 (Windows: DSHOW/MSMF order per gaze_opencv_dshow_first; native res unless gaze_capture_* set) ===
2026-05-16 19:55:23  [GazeCLI] Recording user 1 on camera 2.
2026-05-16 19:55:23  [GazeCLI] Debug log file: D:\Code\HCI PROJ UI\gaze_data/gaze_session.log
2026-05-16 19:55:23  [Gaze] Started session for user 1.
2026-05-16 19:55:25  [Gaze] Opened camera index 2 (CAP_DSHOW) at 1920×1080, frames OK.
2026-05-16 19:55:25  GAZE_STATUS CAMERA_OK
2026-05-16 19:55:25  [Gaze] External OpenCV preview running (separate process from sidecar/GUI).
2026-05-16 19:55:25  [Gaze] gaze_mirror_horizontal on — frames flipped before tracking to match screen left/right.
2026-05-16 19:55:25  GAZE_STATUS PUPILS
2026-05-16 19:55:25  GAZE_STATUS SAMPLES 1
2026-05-16 19:55:26  GAZE_STATUS PUPILS
2026-05-16 19:55:26  GAZE_STATUS PUPILS
2026-05-16 19:55:27  GAZE_STATUS PUPILS
2026-05-16 19:55:27  GAZE_STATUS SAMPLES 5
2026-05-16 19:55:28  GAZE_STATUS PUPILS
2026-05-16 19:55:29  GAZE_STATUS PUPILS
2026-05-16 19:55:30  GAZE_STATUS PUPILS
2026-05-16 19:55:30  GAZE_STATUS PUPILS
2026-05-16 19:55:30  GAZE_STATUS SAMPLES 10
2026-05-16 19:55:31  GAZE_STATUS PUPILS
2026-05-16 19:55:31  GAZE_STATUS PUPILS
2026-05-16 19:55:32  GAZE_STATUS PUPILS
2026-05-16 19:55:32  GAZE_STATUS SAMPLES 15
2026-05-16 19:55:33  GAZE_STATUS PUPILS
2026-05-16 19:55:33  GAZE_STATUS PUPILS
2026-05-16 19:55:34  GAZE_STATUS SAMPLES 20
2026-05-16 19:55:34  GAZE_STATUS PUPILS
2026-05-16 19:55:35  GAZE_STATUS PUPILS
2026-05-16 19:55:35  GAZE_STATUS PUPILS
2026-05-16 19:55:35  GAZE_STATUS SAMPLES 25
2026-05-16 19:55:36  GAZE_STATUS PUPILS
2026-05-16 19:55:37  GAZE_STATUS PUPILS
2026-05-16 19:55:37  GAZE_STATUS PUPILS
2026-05-16 19:55:37  GAZE_STATUS SAMPLES 30
2026-05-16 19:55:38  [Gaze] Stopped session for user 1 (31 samples).
2026-05-16 19:55:40  [GazeCLI] Saved: {'sample_count': 31, 'heatmap_created': True, 'layout_created': True, 'user_dir': 'D:\\Code\\HCI PROJ UI\\gaze_data\\user_1'}
2026-05-16 19:55:40  === gaze_session end (31 samples) ===

=== gaze_session start 2026-05-16 20:02:34 user=1 camera=2 (Windows: DSHOW/MSMF order per gaze_opencv_dshow_first; native res unless gaze_capture_* set) ===
2026-05-16 20:02:34  [GazeCLI] Recording user 1 on camera 2.
2026-05-16 20:02:34  [GazeCLI] Debug log file: D:\Code\HCI PROJ UI\gaze_data/gaze_session.log
2026-05-16 20:02:34  [Gaze] Started session for user 1.
2026-05-16 20:02:36  [Gaze] Opened camera index 2 (CAP_DSHOW) at 1920×1080, frames OK.
2026-05-16 20:02:36  GAZE_STATUS CAMERA_OK
2026-05-16 20:02:36  [Gaze] External OpenCV preview running (separate process from sidecar/GUI).
2026-05-16 20:02:36  [Gaze] gaze_mirror_horizontal on — frames flipped before tracking to match screen left/right.
2026-05-16 20:02:36  GAZE_STATUS PUPILS
2026-05-16 20:02:36  GAZE_STATUS SAMPLES 1
2026-05-16 20:02:37  GAZE_STATUS PUPILS
2026-05-16 20:02:38  GAZE_STATUS PUPILS
2026-05-16 20:02:38  GAZE_STATUS SAMPLES 5
2026-05-16 20:02:38  GAZE_STATUS PUPILS
2026-05-16 20:02:39  GAZE_STATUS PUPILS
2026-05-16 20:02:39  GAZE_STATUS SAMPLES 10
2026-05-16 20:02:40  GAZE_STATUS PUPILS
2026-05-16 20:02:40  GAZE_STATUS PUPILS
2026-05-16 20:02:41  GAZE_STATUS PUPILS
2026-05-16 20:02:41  GAZE_STATUS SAMPLES 15
2026-05-16 20:02:42  GAZE_STATUS PUPILS
2026-05-16 20:02:42  GAZE_STATUS PUPILS
2026-05-16 20:02:43  GAZE_STATUS SAMPLES 20
2026-05-16 20:02:43  GAZE_STATUS PUPILS
2026-05-16 20:02:44  GAZE_STATUS PUPILS
2026-05-16 20:02:44  GAZE_STATUS PUPILS
2026-05-16 20:02:44  GAZE_STATUS SAMPLES 25
2026-05-16 20:02:45  GAZE_STATUS PUPILS
2026-05-16 20:02:46  GAZE_STATUS PUPILS
2026-05-16 20:02:46  GAZE_STATUS SAMPLES 30
2026-05-16 20:02:46  GAZE_STATUS PUPILS
2026-05-16 20:02:47  GAZE_STATUS PUPILS
2026-05-16 20:02:47  GAZE_STATUS PUPILS
2026-05-16 20:02:47  GAZE_STATUS SAMPLES 35
2026-05-16 20:02:48  GAZE_STATUS PUPILS
2026-05-16 20:02:49  GAZE_STATUS PUPILS
2026-05-16 20:02:49  GAZE_STATUS PUPILS
2026-05-16 20:02:49  GAZE_STATUS SAMPLES 40
2026-05-16 20:02:50  GAZE_STATUS PUPILS
2026-05-16 20:02:51  GAZE_STATUS PUPILS
2026-05-16 20:02:51  GAZE_STATUS SAMPLES 45
2026-05-16 20:02:51  GAZE_STATUS PUPILS
2026-05-16 20:02:52  [Gaze] Stopped session for user 1 (46 samples).
2026-05-16 20:02:54  [GazeCLI] Saved: {'sample_count': 46, 'heatmap_created': True, 'layout_created': True, 'user_dir': 'D:\\Code\\HCI PROJ UI\\gaze_data\\user_1'}
2026-05-16 20:02:54  === gaze_session end (46 samples) ===

=== gaze_session start 2026-05-16 20:05:50 user=1 camera=2 (Windows: DSHOW/MSMF order per gaze_opencv_dshow_first; native res unless gaze_capture_* set) ===
2026-05-16 20:05:50  [GazeCLI] Recording user 1 on camera 2.
2026-05-16 20:05:50  [GazeCLI] Debug log file: D:\Code\HCI PROJ UI\gaze_data/gaze_session.log
2026-05-16 20:05:50  [Gaze] Started session for user 1.
2026-05-16 20:05:52  [Gaze] Opened camera index 2 (CAP_DSHOW) at 1920×1080, frames OK.
2026-05-16 20:05:52  GAZE_STATUS CAMERA_OK
2026-05-16 20:05:52  [Gaze] External OpenCV preview running (separate process from sidecar/GUI).
2026-05-16 20:05:52  [Gaze] gaze_mirror_horizontal on — frames flipped before tracking to match screen left/right.
2026-05-16 20:05:53  GAZE_STATUS PUPILS
2026-05-16 20:05:53  GAZE_STATUS SAMPLES 1
2026-05-16 20:05:53  GAZE_STATUS PUPILS
2026-05-16 20:05:54  GAZE_STATUS PUPILS
2026-05-16 20:05:54  GAZE_STATUS SAMPLES 5
2026-05-16 20:05:55  GAZE_STATUS PUPILS
2026-05-16 20:05:55  GAZE_STATUS PUPILS
2026-05-16 20:05:56  GAZE_STATUS PUPILS
2026-05-16 20:05:56  GAZE_STATUS SAMPLES 10
2026-05-16 20:05:57  GAZE_STATUS PUPILS
2026-05-16 20:05:57  GAZE_STATUS PUPILS
2026-05-16 20:05:58  GAZE_STATUS PUPILS
2026-05-16 20:05:58  GAZE_STATUS SAMPLES 15
2026-05-16 20:05:59  GAZE_STATUS PUPILS
2026-05-16 20:05:59  GAZE_STATUS PUPILS
2026-05-16 20:06:00  GAZE_STATUS PUPILS
2026-05-16 20:06:00  GAZE_STATUS SAMPLES 20
2026-05-16 20:06:01  GAZE_STATUS PUPILS
2026-05-16 20:06:01  GAZE_STATUS PUPILS
2026-05-16 20:06:02  GAZE_STATUS SAMPLES 25
2026-05-16 20:06:03  GAZE_STATUS PUPILS
2026-05-16 20:06:04  GAZE_STATUS PUPILS
2026-05-16 20:06:18  GAZE_STATUS HINT no_pupils_face_the_camera_check_lighting
2026-05-16 20:06:41  GAZE_STATUS PUPILS
2026-05-16 20:06:41  GAZE_STATUS SAMPLES 30
2026-05-16 20:06:41  GAZE_STATUS PUPILS
2026-05-16 20:06:42  GAZE_STATUS PUPILS
2026-05-16 20:06:43  GAZE_STATUS PUPILS
2026-05-16 20:06:45  GAZE_STATUS PUPILS
2026-05-16 20:06:45  GAZE_STATUS PUPILS
2026-05-16 20:06:45  GAZE_STATUS SAMPLES 35
2026-05-16 20:06:46  GAZE_STATUS PUPILS
2026-05-16 20:06:49  GAZE_STATUS PUPILS
2026-05-16 20:06:49  GAZE_STATUS PUPILS
2026-05-16 20:06:49  GAZE_STATUS SAMPLES 40
2026-05-16 20:06:50  GAZE_STATUS PUPILS
2026-05-16 20:06:51  [Gaze] Stopped session for user 1 (42 samples).
2026-05-16 20:06:52  [GazeCLI] Saved: {'sample_count': 42, 'heatmap_created': True, 'layout_created': True, 'user_dir': 'D:\\Code\\HCI PROJ UI\\gaze_data\\user_1'}
2026-05-16 20:06:52  === gaze_session end (42 samples) ===

=== gaze_session start 2026-05-16 20:08:08 user=1 camera=2 (Windows: DSHOW/MSMF order per gaze_opencv_dshow_first; native res unless gaze_capture_* set) ===
2026-05-16 20:08:08  [GazeCLI] Recording user 1 on camera 2.
2026-05-16 20:08:08  [GazeCLI] Debug log file: D:\Code\HCI PROJ UI\gaze_data/gaze_session.log
2026-05-16 20:08:08  [Gaze] Started session for user 1.
2026-05-16 20:08:11  [Gaze] Opened camera index 2 (CAP_DSHOW) at 1920×1080, frames OK.
2026-05-16 20:08:11  GAZE_STATUS CAMERA_OK
2026-05-16 20:08:11  [Gaze] External OpenCV preview running (separate process from sidecar/GUI).
2026-05-16 20:08:11  [Gaze] gaze_mirror_horizontal on — frames flipped before tracking to match screen left/right.
2026-05-16 20:08:11  GAZE_STATUS PUPILS
2026-05-16 20:08:11  GAZE_STATUS SAMPLES 1
2026-05-16 20:08:11  GAZE_STATUS PUPILS
2026-05-16 20:08:12  GAZE_STATUS PUPILS
2026-05-16 20:08:12  GAZE_STATUS PUPILS
2026-05-16 20:08:12  GAZE_STATUS SAMPLES 5
2026-05-16 20:08:13  GAZE_STATUS PUPILS
2026-05-16 20:08:13  GAZE_STATUS PUPILS
2026-05-16 20:08:14  GAZE_STATUS PUPILS
2026-05-16 20:08:14  GAZE_STATUS SAMPLES 10
2026-05-16 20:08:15  GAZE_STATUS PUPILS
2026-05-16 20:08:16  GAZE_STATUS PUPILS
2026-05-16 20:08:16  GAZE_STATUS PUPILS
2026-05-16 20:08:16  GAZE_STATUS SAMPLES 15
2026-05-16 20:08:17  GAZE_STATUS PUPILS
2026-05-16 20:08:18  GAZE_STATUS PUPILS
2026-05-16 20:08:18  GAZE_STATUS PUPILS
2026-05-16 20:08:19  GAZE_STATUS SAMPLES 20
2026-05-16 20:08:19  GAZE_STATUS PUPILS
2026-05-16 20:08:20  GAZE_STATUS PUPILS
2026-05-16 20:08:20  GAZE_STATUS PUPILS
2026-05-16 20:08:20  GAZE_STATUS SAMPLES 25
2026-05-16 20:08:21  GAZE_STATUS PUPILS
2026-05-16 20:08:22  GAZE_STATUS PUPILS
2026-05-16 20:08:22  [Gaze] Stopped session for user 1 (29 samples).
2026-05-16 20:08:24  [GazeCLI] Saved: {'sample_count': 29, 'heatmap_created': True, 'layout_created': False, 'user_dir': 'D:\\Code\\HCI PROJ UI\\gaze_data\\user_1'}
2026-05-16 20:08:24  === gaze_session end (29 samples) ===

=== gaze_session start 2026-05-16 20:11:50 user=1 camera=2 (Windows: DSHOW/MSMF order per gaze_opencv_dshow_first; native res unless gaze_capture_* set) ===
2026-05-16 20:11:50  [GazeCLI] Recording user 1 on camera 2.
2026-05-16 20:11:50  [GazeCLI] Debug log file: D:\Code\HCI PROJ UI\gaze_data/gaze_session.log
2026-05-16 20:11:50  [Gaze] Started session for user 1.
2026-05-16 20:11:52  [Gaze] Opened camera index 2 (CAP_DSHOW) at 1920×1080, frames OK.
2026-05-16 20:11:52  GAZE_STATUS CAMERA_OK
2026-05-16 20:11:52  [Gaze] External OpenCV preview running (separate process from sidecar/GUI).
2026-05-16 20:11:52  [Gaze] gaze_mirror_horizontal on — frames flipped before tracking to match screen left/right.
2026-05-16 20:11:53  GAZE_STATUS PUPILS
2026-05-16 20:11:53  GAZE_STATUS SAMPLES 1
2026-05-16 20:11:53  GAZE_STATUS PUPILS
2026-05-16 20:11:54  GAZE_STATUS PUPILS
2026-05-16 20:11:54  GAZE_STATUS SAMPLES 5
2026-05-16 20:11:55  GAZE_STATUS PUPILS
2026-05-16 20:11:56  GAZE_STATUS PUPILS
2026-05-16 20:11:56  GAZE_STATUS SAMPLES 10
2026-05-16 20:11:56  GAZE_STATUS PUPILS
2026-05-16 20:11:57  GAZE_STATUS PUPILS
2026-05-16 20:11:57  GAZE_STATUS PUPILS
2026-05-16 20:11:58  GAZE_STATUS SAMPLES 15
2026-05-16 20:11:58  GAZE_STATUS PUPILS
2026-05-16 20:11:59  GAZE_STATUS PUPILS
2026-05-16 20:12:00  GAZE_STATUS PUPILS
2026-05-16 20:12:00  GAZE_STATUS SAMPLES 20
2026-05-16 20:12:01  [Gaze] Stopped session for user 1 (20 samples).
2026-05-16 20:12:02  [GazeCLI] Saved: {'sample_count': 20, 'heatmap_created': True, 'layout_created': False, 'user_dir': 'D:\\Code\\HCI PROJ UI\\gaze_data\\user_1'}
2026-05-16 20:12:02  === gaze_session end (20 samples) ===

=== gaze_session start 2026-05-16 20:12:12 user=1 camera=2 (Windows: DSHOW/MSMF order per gaze_opencv_dshow_first; native res unless gaze_capture_* set) ===
2026-05-16 20:12:12  [GazeCLI] Recording user 1 on camera 2.
2026-05-16 20:12:12  [GazeCLI] Debug log file: D:\Code\HCI PROJ UI\gaze_data/gaze_session.log
2026-05-16 20:12:12  [Gaze] Started session for user 1.
2026-05-16 20:12:14  [Gaze] Opened camera index 2 (CAP_DSHOW) at 1920×1080, frames OK.
2026-05-16 20:12:14  GAZE_STATUS CAMERA_OK
2026-05-16 20:12:14  [Gaze] External OpenCV preview running (separate process from sidecar/GUI).
2026-05-16 20:12:14  [Gaze] gaze_mirror_horizontal on — frames flipped before tracking to match screen left/right.
2026-05-16 20:12:15  GAZE_STATUS PUPILS
2026-05-16 20:12:15  GAZE_STATUS SAMPLES 1
2026-05-16 20:12:15  GAZE_STATUS PUPILS
2026-05-16 20:12:16  GAZE_STATUS PUPILS
2026-05-16 20:12:16  GAZE_STATUS SAMPLES 5
2026-05-16 20:12:17  GAZE_STATUS PUPILS
2026-05-16 20:12:17  GAZE_STATUS PUPILS
2026-05-16 20:12:19  [Gaze] Stopped session for user 1 (9 samples).
2026-05-16 20:12:20  [GazeCLI] Saved: {'sample_count': 9, 'heatmap_created': True, 'layout_created': False, 'user_dir': 'D:\\Code\\HCI PROJ UI\\gaze_data\\user_1'}
2026-05-16 20:12:20  === gaze_session end (9 samples) ===

=== gaze_session start 2026-05-16 20:12:35 user=3 camera=2 (Windows: DSHOW/MSMF order per gaze_opencv_dshow_first; native res unless gaze_capture_* set) ===
2026-05-16 20:12:35  [GazeCLI] Recording user 3 on camera 2.
2026-05-16 20:12:35  [GazeCLI] Debug log file: D:\Code\HCI PROJ UI\gaze_data/gaze_session.log
2026-05-16 20:12:35  [Gaze] Started session for user 3.
2026-05-16 20:12:37  [Gaze] Opened camera index 2 (CAP_DSHOW) at 1920×1080, frames OK.
2026-05-16 20:12:37  GAZE_STATUS CAMERA_OK
2026-05-16 20:12:37  [Gaze] External OpenCV preview running (separate process from sidecar/GUI).
2026-05-16 20:12:37  [Gaze] gaze_mirror_horizontal on — frames flipped before tracking to match screen left/right.
2026-05-16 20:12:37  [Gaze] Stopped session for user 3 (0 samples).
2026-05-16 20:12:37  [GazeCLI] Saved: {'sample_count': 0, 'heatmap_created': False, 'layout_created': False, 'user_dir': 'D:\\Code\\HCI PROJ UI\\gaze_data\\user_3'}
2026-05-16 20:12:37  === gaze_session end (0 samples) ===

=== gaze_session start 2026-05-16 20:21:12 user=1 camera=2 (Windows: DSHOW/MSMF order per gaze_opencv_dshow_first; native res unless gaze_capture_* set) ===
2026-05-16 20:21:12  [GazeCLI] Recording user 1 on camera 2.
2026-05-16 20:21:12  [GazeCLI] Debug log file: D:\Code\HCI PROJ UI\gaze_data/gaze_session.log
2026-05-16 20:21:12  [Gaze] Started session for user 1.
2026-05-16 20:21:14  [Gaze] Opened camera index 2 (CAP_DSHOW) at 1920×1080, frames OK.
2026-05-16 20:21:14  GAZE_STATUS CAMERA_OK
2026-05-16 20:21:14  [Gaze] External OpenCV preview running (separate process from sidecar/GUI).
2026-05-16 20:21:14  [Gaze] gaze_mirror_horizontal on — frames flipped before tracking to match screen left/right.
2026-05-16 20:21:14  [Gaze] Stopped session for user 1 (0 samples).
2026-05-16 20:21:14  [GazeCLI] Saved: {'sample_count': 0, 'heatmap_created': False, 'layout_created': False, 'user_dir': 'D:\\Code\\HCI PROJ UI\\gaze_data\\user_1'}
2026-05-16 20:21:14  === gaze_session end (0 samples) ===

=== gaze_session start 2026-05-16 20:21:17 user=2 camera=2 (Windows: DSHOW/MSMF order per gaze_opencv_dshow_first; native res unless gaze_capture_* set) ===
2026-05-16 20:21:17  [GazeCLI] Recording user 2 on camera 2.
2026-05-16 20:21:17  [GazeCLI] Debug log file: D:\Code\HCI PROJ UI\gaze_data/gaze_session.log
2026-05-16 20:21:17  [Gaze] Started session for user 2.
2026-05-16 20:21:19  [Gaze] Opened camera index 2 (CAP_DSHOW) at 1920×1080, frames OK.
2026-05-16 20:21:19  GAZE_STATUS CAMERA_OK
2026-05-16 20:21:19  [Gaze] External OpenCV preview running (separate process from sidecar/GUI).
2026-05-16 20:21:19  [Gaze] gaze_mirror_horizontal on — frames flipped before tracking to match screen left/right.
2026-05-16 20:21:20  [Gaze] Stopped session for user 2 (0 samples).
2026-05-16 20:21:20  [GazeCLI] Saved: {'sample_count': 0, 'heatmap_created': False, 'layout_created': False, 'user_dir': 'D:\\Code\\HCI PROJ UI\\gaze_data\\user_2'}
2026-05-16 20:21:20  === gaze_session end (0 samples) ===

=== gaze_session start 2026-05-16 20:27:54 user=1 camera=2 (Windows: DSHOW/MSMF order per gaze_opencv_dshow_first; native res unless gaze_capture_* set) ===
2026-05-16 20:27:54  [GazeCLI] Recording user 1 on camera 2.
2026-05-16 20:27:54  [GazeCLI] Debug log file: D:\Code\HCI PROJ UI\gaze_data/gaze_session.log
2026-05-16 20:27:54  [Gaze] Started session for user 1.
2026-05-16 20:27:56  [Gaze] Opened camera index 2 (CAP_DSHOW) at 1920×1080, frames OK.
2026-05-16 20:27:56  GAZE_STATUS CAMERA_OK
2026-05-16 20:27:56  [Gaze] External OpenCV preview running (separate process from sidecar/GUI).
2026-05-16 20:27:56  [Gaze] gaze_mirror_horizontal on — frames flipped before tracking to match screen left/right.
2026-05-16 20:27:57  [Gaze] Stopped session for user 1 (0 samples).
2026-05-16 20:27:57  [GazeCLI] Saved: {'sample_count': 0, 'heatmap_created': False, 'layout_created': False, 'user_dir': 'D:\\Code\\HCI PROJ UI\\gaze_data\\user_1'}
2026-05-16 20:27:57  === gaze_session end (0 samples) ===
